,id,install_date,installed,lat,locality,locked,lon,num_bikes,num_docks,num_empty,removal_date,temporary
0,1023,2010-07-12 16:08:00,True,51.529163,"River Street , Clerkenwell",False,-0.10997,6,19,13,,False
1,1018,2010-07-08 11:43:00,True,51.499606,"Phillimore Gardens, Kensington",False,-0.197574,7,37,30,,False
2,1012,2010-07-04 11:46:00,True,51.521283,"Christopher Street, Liverpool Street",False,-0.084605,9,32,22,,False
3,1013,2010-07-04 11:58:00,True,51.530059,"St. Chad's Street, King's Cross",False,-0.120973,10,23,13,,False
4,3420,2010-07-04 12:04:00,True,51.49313,"Sedding Street, Sloane Square",False,-0.156876,21,27,6,,False
5,3424,2010-07-04 12:08:00,True,51.518117,"Broadcasting House, Marylebone",False,-0.144228,8,18,10,,False
6,3422,2010-07-04 12:10:00,True,51.5343,"Charlbert Street, St. John's Wood",False,-0.168074,13,16,3,,False
7,3423,2010-07-04 12:12:00,True,51.528341,"Lodge Road, St. John's Wood",False,-0.170134,12,18,6,,False
8,1015,2010-07-04 12:19:00,True,51.507385,"New Globe Walk, Bankside",False,-0.09644,2,19,17,,False
9,1024,2010-07-04 12:21:00,True,51.505974,"Park Street, Bankside",False,-0.092754,13,18,5,,False
10,1022,2010-07-05 15:34:00,True,51.523951,"Brunswick Square, Bloomsbury",False,-0.122502,12,24,11,,False
11,980,2010-07-05 15:37:00,True,51.52168,"Malet Street, Bloomsbury",False,-0.130431,5,49,43,,False
12,970,2010-07-05 15:40:00,True,51.519914,"Scala Street, Fitzrovia",False,-0.136039,17,21,4,,False
13,1011,2010-07-05 15:44:00,True,51.529943,"Belgrove Street , King's Cross",False,-0.123616,28,48,17,,False
14,988,2010-07-05 15:47:00,True,51.517727,"Great Russell Street, Bloomsbury",False,-0.127854,0,26,26,,False
15,1010,2010-07-05 15:50:00,True,51.526357,"Cartwright Gardens , Bloomsbury",False,-0.125979,7,22,15,,False
16,1008,2010-07-06 14:42:00,True,51.521661,"Hatton Wall, Holborn",False,-0.109006,12,26,13,,False
17,1007,2010-07-06 15:25:00,True,51.51477,"Drury Lane, Covent Garden",False,-0.122219,1,27,26,,False
18,1009,2010-07-06 15:32:00,True,51.52505,"Taviton Street, Bloomsbury",False,-0.131161,26,30,3,,False
19,993,2010-07-06 15:47:00,True,51.527736,"Drummond Street , Euston",False,-0.135273,13,28,15,,False
20,3426,2010-07-06 15:49:00,True,51.530078,"Hampstead Road (Cartmel), Euston",False,-0.138846,16,16,0,,False
21,3425,2010-07-06 16:08:00,True,51.522264,"Northington Street , Holborn",False,-0.114079,7,19,12,,False
22,3421,2010-07-06 16:15:00,True,51.519435,"Red Lion Square, Holborn",False,-0.119123,2,16,14,,False
23,981,2010-07-06 16:29:00,True,51.51908,"British Museum, Bloomsbury",False,-0.124678,1,35,34,,False
24,1004,2010-07-06 17:20:00,True,51.528833,"Doric Way , Somers Town",False,-0.13225,1,31,30,,False
25,1019,2010-07-06 17:36:00,True,51.52728,"Ampton Street , Clerkenwell",False,-0.118295,11,21,9,,False
26,1021,2010-07-07 11:56:00,True,51.513821,"Bouverie Street, Temple",False,-0.107927,10,33,22,,False
27,1025,2010-07-07 12:01:00,True,51.523518,"Bolsover Street, Fitzrovia",False,-0.143613,2,19,17,,False
28,1016,2010-07-07 12:13:00,True,51.513735,"Hereford Road, Bayswater",False,-0.193487,8,22,14,,False
29,1029,2010-07-07 12:17:00,True,51.529154,"Windsor Terrace, Hoxton",False,-0.093421,19,24,5,,False
30,3427,2010-07-07 12:20:00,True,51.529537,"Fanshaw Street, Hoxton",False,-0.083353,17,36,17,,False
31,1020,2010-07-07 13:45:00,True,51.524696,"Leonard Circus , Shoreditch",False,-0.084439,1,43,41,,False
32,3430,2010-07-07 13:49:00,True,51.5156,"Central House, Aldgate",False,-0.070056,8,18,9,,False
33,3428,2010-07-07 13:51:00,True,51.534123,"Pancras Road, King's Cross",False,-0.129386,9,16,7,,False
34,3446,2010-07-07 17:25:00,True,51.501737,"De Vere Gardens, Kensington",False,-0.18498,23,28,5,,False
35,3444,2010-07-07 17:27:00,True,51.491593,"Penywern Road, Earl's Court",False,-0.192369,1,17,15,,False
36,3442,2010-07-08 11:28:00,True,51.497387,"Abingdon Villas, Kensington",False,-0.197245,3,17,13,,False
37,3445,2010-07-08 16:09:00,True,51.526377,"Shoreditch High Street, Shoreditch",False,-0.07813,17,41,22,,False
38,1083,2010-07-08 16:13:00,True,51.52127,"Commercial Street, Shoreditch",False,-0.075578,10,16,6,,False
39,979,2010-07-08 16:25:00,True,51.530991,"Wenlock Road , Hoxton",False,-0.093903,23,28,4,,False
40,1036,2010-07-09 16:02:00,True,51.52026,"Crawford Street, Marylebone",False,-0.157183,10,18,8,,False
41,1034,2010-07-09 16:05:00,True,51.510736,"Bruton Street, Mayfair",False,-0.144165,19,21,2,,False
42,1035,2010-07-09 17:02:00,True,51.522511,"Boston Place, Marylebone",False,-0.162298,19,26,7,,False
43,1031,2010-07-09 17:10:00,True,51.507131,"Nesham Street, Wapping",False,-0.06691,13,16,1,,False
44,1027,2010-07-10 09:06:00,True,51.523344,"Warwick Avenue Station, Maida Vale",False,-0.183846,9,19,10,,False
45,971,2010-07-10 09:11:00,True,51.512484,"Godliman Street, St. Paul's",False,-0.099141,17,25,7,,False
46,3437,2010-07-10 09:19:00,True,51.507069,"Curzon Street, Mayfair",False,-0.145904,13,16,3,,False
47,1054,2010-07-10 09:24:00,True,51.528673,"East Road, Hoxton",False,-0.087459,20,27,7,,False
48,986,2010-07-10 09:29:00,True,51.526717,"Finsbury Library , Finsbury",False,-0.104298,0,29,28,,False
49,1026,2010-07-10 09:34:00,True,51.522954,"Roscoe Street, St. Luke's",False,-0.094934,8,18,10,,False
50,3431,2010-07-10 10:03:00,True,51.509992,"Grafton Street, Mayfair",False,-0.143495,17,18,0,,False
51,967,2010-07-10 13:59:00,True,51.521747,"Golden Lane, Barbican",False,-0.094475,1,27,26,,False
52,984,2010-07-10 14:03:00,True,51.517075,"Finsbury Circus, Liverpool Street",False,-0.086685,16,33,17,,False
53,1033,2010-07-10 14:07:00,True,51.520583,"Paddington Street, Marylebone",False,-0.154701,9,16,7,,False
54,974,2010-07-10 14:11:00,True,51.523346,"Guilford Street , Bloomsbury",False,-0.120202,15,32,17,,False
55,1032,2010-07-10 14:15:00,True,51.524526,"New Inn Yard, Shoreditch",False,-0.079248,9,20,10,,False
56,1030,2010-07-10 14:39:00,True,51.526448,"Lisson Grove, St. John's Wood",False,-0.17219,3,18,15,,False
57,1017,2010-07-10 15:57:00,True,51.497382,"Great Dover Street, The Borough",False,-0.089446,19,33,14,,False
58,990,2010-07-10 15:59:00,True,51.490757,"Cotton Garden Estate, Kennington",False,-0.106323,16,24,8,,False
59,989,2010-07-10 16:02:00,True,51.53089,"Murray Grove , Hoxton",False,-0.089782,21,27,5,,False
60,1028,2010-07-10 16:05:00,True,51.509462,"William IV Street, Strand",False,-0.124749,1,25,22,,False
61,969,2010-07-11 10:31:00,True,51.525227,"Gower Place , Euston",False,-0.135188,10,17,7,,False
62,982,2010-07-11 11:48:00,True,51.51795,"Holborn Circus, Holborn",False,-0.108657,13,40,27,2014-03-04 13:04:00,False
63,985,2010-07-11 12:24:00,True,51.518825,"Hatton Garden, Holborn",False,-0.108028,10,28,17,,False
64,975,2010-07-11 15:04:00,True,51.520596,"Theobald's Road , Holborn",False,-0.116688,5,26,20,,False
65,983,2010-07-11 16:19:00,True,51.526236,"Euston Road, Euston",False,-0.134407,16,24,8,,False
66,1066,2010-07-11 16:49:00,True,51.53136,"Calshot Street , King's Cross",False,-0.117069,15,24,9,,False
67,1074,2010-07-12 09:55:00,True,51.515418,"Newgate Street , St. Paul's",False,-0.09885,1,34,32,,False
68,3432,2010-07-12 13:01:00,True,51.52352,"Farringdon Lane, Clerkenwell",False,-0.10834,2,16,13,,False
69,1064,2010-07-12 14:24:00,True,51.525726,"Old Street Station, St. Luke's",False,-0.088486,8,37,28,,False
70,1000,2010-07-12 14:26:00,True,51.485917,"Vauxhall Cross, Vauxhall",False,-0.124469,14,17,1,,False
71,1060,2010-07-12 15:33:00,True,51.532199,"Torrens Street, Angel",False,-0.10548,9,19,10,,False
72,976,2010-07-12 15:56:00,True,51.525595,"Longford Street, The Regent's Park",False,-0.144083,2,21,19,,False
73,978,2010-07-12 16:01:00,True,51.523418,"Russell Square Station, Bloomsbury",False,-0.124121,6,26,19,,False
74,3433,2010-07-12 16:28:00,True,51.524868,"Sadlers Sports Centre, Finsbury",False,-0.099489,4,17,13,,False
75,3448,2010-07-12 17:34:00,True,51.500693,"Webber Street , Southwark",False,-0.102091,30,45,14,,False
76,3450,2010-07-13 10:23:00,True,51.520253,"Great Titchfield Street, Fitzrovia",False,-0.141327,9,19,8,,False
77,3453,2010-07-13 11:08:00,True,51.514274,"Chancery Lane, Holborn",False,-0.111257,2,15,13,,False
78,3452,2010-07-13 11:10:00,True,51.509639,"Panton Street, West End",False,-0.13151,16,21,5,,False
79,3449,2010-07-13 12:24:00,True,51.515937,"Breams Buildings, Holborn",False,-0.111778,4,25,20,,False
80,994,2010-07-13 14:01:00,True,51.500647,"Tanner Street, Bermondsey",False,-0.0786,41,41,0,,False
81,3434,2010-07-13 14:19:00,True,51.489479,"Sancroft Street, Vauxhall",False,-0.115156,10,24,13,,False
82,3438,2010-07-13 14:28:00,True,51.516468,"Devonshire Square, Liverpool Street",False,-0.079684,6,16,10,,False
83,1006,2010-07-13 14:38:00,True,51.518587,"Bayley Street , Bloomsbury",False,-0.132053,14,25,10,,False
84,3439,2010-07-13 14:56:00,True,51.52625,"Tavistock Place, Bloomsbury",False,-0.123509,7,19,12,,False
85,1038,2010-07-13 15:07:00,True,51.533019,"Harrington Square 1, Camden Town",False,-0.139174,4,27,22,,False
86,1076,2010-07-13 16:59:00,True,51.493686,"Walnut Tree Walk, Vauxhall",False,-0.111014,14,20,6,,False
87,1082,2010-07-13 17:04:00,True,51.498898,"Borough Road, Elephant & Castle",False,-0.10044,31,41,10,,False
88,2586,2010-07-13 17:16:00,True,51.534408,"Cloudesley Road, Angel",False,-0.109025,14,37,23,,False
89,1070,2010-07-13 17:27:00,True,51.495061,"Bricklayers Arms, Borough",False,-0.085814,23,28,5,,False
90,1065,2010-07-14 09:36:00,True,51.520841,"Aldersgate Street, Barbican",False,-0.09734,5,15,10,,False
91,1047,2010-07-14 09:43:00,True,51.53095,"Falkirk Street, Hoxton",False,-0.078505,4,26,22,,False
92,3447,2010-07-14 09:53:00,True,51.497924,"Gloucester Road (North), Kensington",False,-0.183834,3,18,15,,False
93,972,2010-07-14 10:18:00,True,51.525542,"Hampstead Road, Euston",False,-0.138231,42,54,12,,False
94,1085,2010-07-14 10:28:00,True,51.514577,"Old Quebec Street, Marylebone",False,-0.158264,7,16,8,,False
95,1059,2010-07-14 10:31:00,True,51.490435,"Albert Embankment, Vauxhall",False,-0.122806,13,24,11,,False
96,999,2010-07-14 11:18:00,True,51.511553,"Queen Street 1, Bank",False,-0.09294,0,22,22,,False
97,1045,2010-07-14 11:21:00,True,51.513406,"Jewry Street, Aldgate",False,-0.076793,0,17,16,,False
98,3441,2010-07-14 11:32:00,True,51.504723,"Vicarage Gate, Kensington",False,-0.192538,1,18,17,,False
99,991,2010-07-14 11:36:00,True,51.511594,"Crosswall, Tower",False,-0.077121,13,34,20,,False
100,1041,2010-07-14 12:02:00,True,51.515529,"Westbourne Grove, Bayswater",False,-0.19024,7,26,19,,False
101,1042,2010-07-14 12:28:00,True,51.514105,"Woodstock Street, Mayfair",False,-0.147301,2,21,19,,False
102,1049,2010-07-14 12:38:00,True,51.526008,"Finsbury Leisure Centre, St. Luke's",False,-0.096317,8,20,12,,False
103,3429,2010-07-14 12:42:00,True,51.498125,"Abbey Orchard Street, Westminster",False,-0.132102,27,29,2,,False
104,1052,2010-07-14 12:52:00,True,51.515631,"Soho Square , Soho",False,-0.132328,36,57,20,,False
105,1055,2010-07-14 13:02:00,True,51.533043,"Wellington Road, St. John's Wood",False,-0.172528,0,17,17,,False
106,1037,2010-07-14 13:06:00,True,51.510017,"Park Lane , Hyde Park",False,-0.157275,5,28,23,,False
107,1061,2010-07-14 14:51:00,True,51.515809,"Stonecutter Street, Holborn",False,-0.10527,2,42,40,,False
108,3435,2010-07-14 15:10:00,True,51.496462,"Gloucester Road (Central), South Kensington",False,-0.183289,6,19,13,,False
109,1050,2010-07-14 16:05:00,True,51.524517,"Park Road (Baker Street), The Regent's Park",False,-0.158963,8,22,13,,False
110,1062,2010-07-14 16:18:00,True,51.514233,"Braham Street, Aldgate",False,-0.073537,3,34,31,,False
111,995,2010-07-14 16:46:00,True,51.514499,"Little Argyll Street, West End",False,-0.141423,20,21,1,,False
112,998,2010-07-14 17:17:00,True,51.49288,"Lollard Street, Vauxhall",False,-0.114934,19,25,6,,False
113,3457,2010-07-14 17:22:00,True,51.495827,"Rochester Row, Westminster",False,-0.135478,4,13,9,,False
114,964,2010-07-14 17:26:00,True,51.525893,"Bath Street, St. Luke's",False,-0.090847,9,18,8,,False
115,1044,2010-07-15 10:44:00,True,51.515735,"The Guildhall, Guildhall",False,-0.09308,0,17,17,,False
116,1086,2010-07-15 11:20:00,True,51.518913,"Baker Street, Marylebone",False,-0.156166,8,22,14,,False
117,1068,2010-07-15 11:34:00,True,51.521113,"Norton Folgate, Liverpool Street",False,-0.078869,0,23,23,,False
118,992,2010-07-15 11:55:00,True,51.52836,"St. John Street, Finsbury",False,-0.104724,8,18,10,,False
119,1069,2010-07-15 11:59:00,True,51.496544,"Eaton Square, Belgravia",False,-0.150905,2,20,18,,False
120,996,2010-07-15 12:10:00,True,51.500694,"Borough High Street, The Borough",False,-0.094524,4,21,15,,False
121,1043,2010-07-15 12:29:00,True,51.517821,"Museum of London, Barbican",False,-0.096496,0,52,52,,False
122,1063,2010-07-15 12:32:00,True,51.517008,"Wood Street, Guildhall",False,-0.093885,0,17,16,,False
123,1116,2010-07-15 12:41:00,True,51.495362,"Emperor's Gate, South Kensington",False,-0.185296,15,22,7,,False
124,3451,2010-07-15 13:55:00,True,51.511897,"Golden Square, Soho",False,-0.137043,17,18,1,,False
125,1071,2010-07-15 14:00:00,True,51.509506,"Tower Gardens , Tower",False,-0.075459,6,24,18,,False
126,1005,2010-07-15 14:08:00,True,51.533005,"Eversholt Street , Camden Town",False,-0.136792,3,16,13,,False
127,973,2010-07-15 14:12:00,True,51.523648,"Bethnal Green Road, Shoreditch",False,-0.074754,10,38,28,,False
128,3436,2010-07-15 14:24:00,True,51.501364,"Derry Street, Kensington",False,-0.191462,1,18,17,,False
129,1039,2010-07-15 14:35:00,True,51.504904,"Wapping High Street, Wapping",False,-0.06797,19,20,0,,False
130,1053,2010-07-15 14:38:00,True,51.52326,"Clerkenwell Green, Clerkenwell",False,-0.104708,9,21,12,,False
131,1048,2010-07-15 14:40:00,True,51.511961,"Queen Victoria Street, St. Paul's",False,-0.097441,0,32,32,,False
132,3464,2010-07-15 15:47:00,True,51.512276,"Green Street, Mayfair",False,-0.157436,15,19,4,,False
133,1078,2010-07-15 15:51:00,True,51.494881,"Lambeth Road, Vauxhall",False,-0.117974,15,18,2,,False
134,1056,2010-07-15 15:53:00,True,51.520962,"Finsbury Square , Moorgate",False,-0.085634,9,33,24,,False
135,1003,2010-07-15 17:23:00,True,51.515308,"Chapel Place, Marylebone",False,-0.147203,19,29,10,,False
136,1001,2010-07-15 17:27:00,True,51.493724,"West Cromwell Road, Earl's Court",False,-0.198286,22,24,2,,False
137,1114,2010-07-15 17:30:00,True,51.496886,"Pont Street, Knightsbridge",False,-0.161203,16,23,7,,False
138,1093,2010-07-15 17:33:00,True,51.48894,"Kennington Cross, Kennington",False,-0.111435,45,47,2,,False
139,1115,2010-07-15 17:43:00,True,51.500743,"Ilchester Place, Kensington",False,-0.202759,2,24,22,,False
140,1046,2010-07-15 17:46:00,True,51.488365,"Vauxhall Bridge , Pimlico",False,-0.129361,3,35,32,,False
141,965,,True,51.492111,"Tachbrook Street, Victoria",False,-0.138364,16,16,0,,False
142,1073,2010-07-15 18:36:00,True,51.484788,"Kennington Road Post Office, Oval",False,-0.110683,17,18,1,,False
143,1002,2010-07-15 18:39:00,True,51.497056,"Holy Trinity Brompton, Knightsbridge",False,-0.168917,6,28,22,,False
144,1120,2010-07-15 18:42:00,True,51.512136,"Chepstow Villas, Notting Hill",False,-0.201554,2,26,24,,False
145,1118,2010-07-15 18:45:00,True,51.49217,"Hampton Street, Walworth",False,-0.101536,21,21,0,,False
146,1096,2010-07-15 18:48:00,True,51.511933,"Bayswater Road, Hyde Park",False,-0.174411,10,27,17,,False
147,1072,,True,51.503791,"Waterloo Station 3, Waterloo",False,-0.112824,23,34,10,,False
148,1121,2010-07-16 10:31:00,True,51.495866,"Lexham Gardens, Kensington",False,-0.191933,3,19,16,,False
149,966,2010-07-16 10:38:00,True,51.494436,"New Kent Road, The Borough",False,-0.092921,22,33,11,,False
150,1094,2010-07-16 10:40:00,True,51.500397,"Wright's Lane, Kensington",False,-0.193068,17,37,20,,False
151,1113,2010-07-16 10:42:00,True,51.490853,"Trebovir Road, Earl's Court",False,-0.19617,0,18,18,,False
152,1125,2010-07-16 10:46:00,True,51.514619,"Great Marlborough Street, Soho",False,-0.137841,19,39,19,,False
153,3458,2010-07-16 10:58:00,True,51.506633,"Waterloo Place, St. James's",False,-0.131773,3,20,17,,False
154,3478,2010-07-16 14:29:00,True,51.492345,"Guildhouse Street, Victoria",False,-0.141334,14,16,2,,False
155,1123,2010-07-16 14:32:00,True,51.517606,"Southampton Place, Holborn",False,-0.121328,1,20,19,,False
156,3461,2010-07-16 14:35:00,True,51.493184,"Sloane Avenue, Knightsbridge",False,-0.167894,18,27,9,,False
157,1178,2010-07-16 14:40:00,True,51.515607,"Cleveland Gardens, Bayswater",False,-0.183118,5,16,11,,False
158,2585,2010-07-16 14:46:00,True,51.517932,"Orsett Terrace, Bayswater",False,-0.183716,9,15,6,,False
159,1177,2010-07-16 14:49:00,True,51.501855,"Seville Street, Knightsbridge",False,-0.159237,15,27,12,,False
160,3465,,True,51.49395,"Eccleston Place, Victoria",False,-0.147624,16,19,3,,False
161,3463,2010-07-16 15:10:00,True,51.500401,"Argyll Road, Kensington",False,-0.195455,4,19,15,,False
162,3477,2010-07-16 15:16:00,True,51.514746,"Porchester Place, Paddington",False,-0.165164,13,18,4,,False
163,1057,2010-07-16 15:23:00,True,51.527842,"Hardwick Street, Clerkenwell",False,-0.108068,9,30,21,,False
164,3459,2010-07-16 15:40:00,True,51.491615,"Collingham Gardens, Earl's Court",False,-0.186753,11,14,2,,False
165,1124,2010-07-16 15:45:00,True,51.491211,"Sumner Place, South Kensington",False,-0.173715,15,19,4,,False
166,1176,2010-07-16 16:05:00,True,51.50486,"Waterloo Road, South Bank",False,-0.113001,5,15,10,,False
167,1100,2010-07-16 16:59:00,True,51.512529,"Strand, Strand",False,-0.115163,12,36,24,,False
168,997,2010-07-16 17:11:00,True,51.521743,"Appold Street, Liverpool Street",False,-0.081118,0,26,24,,False
169,1173,2010-07-16 17:26:00,True,51.517919,"Gloucester Terrace, Bayswater",False,-0.188098,6,23,17,,False
170,1122,2010-07-16 17:29:00,True,51.49616,"Ashley Place, Victoria",False,-0.140947,20,25,4,,False
171,3460,2010-07-16 17:32:00,True,51.489856,"Warwick Square, Pimlico",False,-0.141923,15,19,3,,False
172,1126,2010-07-16 17:37:00,True,51.512911,"North Audley Street, Mayfair",False,-0.153645,8,17,9,,False
173,3473,2010-07-16 17:41:00,True,51.499412,"Belgrave Square, Belgravia",False,-0.152317,0,21,21,,False
174,1166,2010-07-17 11:39:00,True,51.522029,"Bell Street , Marylebone",False,-0.165842,10,18,8,,False
175,1165,2010-07-17 11:56:00,True,51.482362,"Riverlight North, Nine Elms",False,-0.136123,4,24,20,2013-07-02 11:06:00,False
176,1164,2010-07-17 11:58:00,True,51.520715,"Portland Place, Marylebone",False,-0.145211,12,34,22,,False
177,1174,2010-07-17 12:16:00,True,51.488057,"Alderney Street, Pimlico",False,-0.140741,10,14,4,,False
178,1167,2010-07-17 12:18:00,True,51.517335,"South Wharf Road, Paddington",False,-0.17581,9,16,7,,False
179,1172,2010-07-17 12:22:00,True,51.492479,"Queen's Gate (South), South Kensington",False,-0.178433,0,24,23,,False
180,1112,2010-07-17 15:26:00,True,51.516517,"Nutford Place, Marylebone",False,-0.164393,16,18,2,,False
181,1104,2010-07-17 15:33:00,True,51.531666,"Claremont Square, Angel",False,-0.109914,0,18,18,,False
182,1106,2010-07-17 16:38:00,True,51.489975,"Rampayne Street, Pimlico",False,-0.132845,16,21,5,,False
183,1075,2010-07-17 17:12:00,True,51.503117,"Hyde Park Corner, Hyde Park",False,-0.15352,1,28,27,,False
184,1163,2010-07-17 17:15:00,True,51.512515,"Wardour Street, Soho",False,-0.133201,14,16,2,,False
185,963,2010-07-17 19:47:59,True,51.505817,"Bankside Mix, Bankside",False,-0.100186,10,60,50,,False
186,960,2010-07-17 19:47:59,True,51.504627,"Hop Exchange, The Borough",False,-0.091773,15,56,41,,False
187,959,2010-07-17 19:47:59,True,51.507244,"Milroy Walk, South Bank",False,-0.106237,20,30,10,,False
188,961,2010-07-17 19:47:59,True,51.503688,"Union Street, The Borough",False,-0.098497,12,17,5,,False
189,962,2010-07-17 19:47:59,True,51.505569,"Stamford Street, South Bank",False,-0.111606,22,27,5,,False
190,1080,2010-07-18 09:30:00,True,51.510484,"Great Tower Street, Monument",False,-0.082989,18,24,5,,False
191,1105,2010-07-18 09:32:00,True,51.514924,"LMU Commercial Road, Whitechapel",False,-0.066078,6,14,7,,False
192,1102,2010-07-18 10:12:00,True,51.512363,"Leman Street, Aldgate",False,-0.069542,22,37,15,,False
193,1040,2010-07-18 10:33:00,True,51.518218,"West Smithfield Rotunda, Farringdon",False,-0.100791,6,15,8,,False
194,3468,2010-07-18 16:24:00,True,51.526599,"Margery Street, Clerkenwell",False,-0.112432,6,19,13,,False
195,1171,2010-07-18 17:43:00,True,51.518154,"New Road 1 , Whitechapel",False,-0.062697,26,36,10,,False
196,1169,2010-07-19 17:49:00,True,51.501352,"Grosvenor Crescent, Belgravia",False,-0.153194,16,18,2,,False
197,1175,2010-07-18 18:03:00,True,51.525051,"Mallory Street, Marylebone",False,-0.166304,10,20,10,,False
198,3454,2010-07-19 09:46:00,True,51.493583,"Denyer Street, Knightsbridge",False,-0.165101,9,30,21,,False
199,3476,2010-07-19 11:26:00,True,51.516814,"Hinde Street, Marylebone",False,-0.151926,18,21,2,,False
200,3469,2010-07-19 11:37:00,True,51.494645,"Cadogan Place, Knightsbridge",False,-0.158105,29,34,5,,False
201,3487,2010-07-19 11:54:00,True,51.506584,"Campden Hill Road, Notting Hill",False,-0.199004,2,17,15,,False
202,1109,2010-07-19 11:57:00,True,51.50274,"Wellington Arch, Hyde Park",False,-0.149569,25,36,10,,False
203,1079,2010-07-19 12:00:00,True,51.526838,"Endsleigh Gardens, Euston",False,-0.130504,26,32,6,,False
204,1092,2010-07-19 12:03:00,True,51.519069,"Moorfields, Moorgate",False,-0.088285,10,54,43,,False
205,3479,2010-07-19 12:12:00,True,51.490945,"Old Brompton Road, South Kensington",False,-0.18119,29,30,1,,False
206,2587,2010-07-19 12:14:00,True,51.516154,"Wormwood Street, Liverpool Street",False,-0.082422,15,16,1,,False
207,3486,2010-07-19 13:49:00,True,51.489716,"St. Luke's Church, Chelsea",False,-0.170194,13,20,7,,False
208,1183,2010-07-19 14:25:00,True,51.490163,"Bramham Gardens, Earl's Court",False,-0.190393,5,29,23,,False
209,1179,2010-07-19 14:32:00,True,51.490664,"Chelsea Green, Chelsea",False,-0.166485,14,27,13,,False
210,1170,2010-07-19 16:10:00,True,51.494816,"Horseferry Road, Westminster",False,-0.130458,2,16,14,,False
211,1101,2010-07-20 09:22:00,True,51.502757,"Knightsbridge, Hyde Park",False,-0.155349,12,43,31,,False
212,3481,2010-07-20 09:27:00,True,51.491484,"Rodney Road , Walworth",False,-0.09022,11,24,13,,False
213,1150,2010-07-20 09:37:00,True,51.514769,"Whiteley's, Bayswater",False,-0.188129,13,16,3,,False
214,1182,2010-07-20 09:58:00,True,51.509353,"Notting Hill Gate Station, Notting Hill",False,-0.196422,5,30,25,,False
215,3488,2010-07-20 10:02:00,True,51.508446,"Charles II Street, West End",False,-0.131961,2,24,22,,False
216,3470,2010-07-20 10:05:00,True,51.528915,"Great Percy Street, Clerkenwell",False,-0.11548,15,23,8,,False
217,1067,2010-07-20 10:08:00,True,51.507424,"St. James's Square, St. James's",False,-0.134621,25,40,14,,False
218,1151,2010-07-20 10:23:00,True,51.506543,"Whitehall Place, Strand",False,-0.123179,4,24,20,,False
219,1144,2010-07-20 10:27:00,True,51.506692,"Poured Lines, Bankside",False,-0.103137,5,31,26,,False
220,1089,2010-07-20 11:47:00,True,51.493967,"Queen's Gate (Central), South Kensington",False,-0.178732,0,31,31,,False
221,1139,2010-07-20 11:54:00,True,51.51501,"Carey Street, Holborn",False,-0.112753,4,16,12,,False
222,1153,2010-07-20 12:11:00,True,51.50777,"Pall Mall East, West End",False,-0.130699,3,22,19,,False
223,1081,2010-07-20 12:18:00,True,51.534504,"Liverpool Road (N1 Centre), Angel",False,-0.106992,17,24,7,,False
224,1154,2010-07-20 12:34:00,True,51.495718,"Kennington Road  , Vauxhall",False,-0.110889,28,36,8,,False
225,3483,2010-07-20 12:39:00,True,51.51838,"Fashion Street, Whitechapel",False,-0.073438,20,29,8,,False
226,3467,2010-07-22 12:44:00,True,51.509786,"Dock Street, Wapping",False,-0.068161,13,30,17,,False
227,1099,2010-07-20 13:12:00,True,51.523353,"Frampton Street, Paddington",False,-0.175116,10,32,22,,False
228,1090,2010-07-20 13:16:00,True,51.524438,"Warren Street Station, Euston",False,-0.138019,8,26,17,,False
229,3472,2010-07-20 13:18:00,True,51.505459,"Colombo Street, Southwark",False,-0.105692,14,14,0,,False
230,3482,2010-07-20 13:24:00,True,51.522008,"Beaumont Street, Marylebone",False,-0.151359,8,23,14,,False
231,1103,2010-07-20 13:29:00,True,51.490962,"Gloucester Street, Pimlico",False,-0.139625,22,25,2,,False
232,1145,2010-07-20 13:34:00,True,51.516118,"Earnshaw Street , Covent Garden",False,-0.128585,11,18,7,,False
233,1140,2010-07-20 13:41:00,True,51.485357,"Grosvenor Road, Pimlico",False,-0.142207,16,29,13,,False
234,1159,2010-07-20 16:29:00,True,51.522853,"Berry Street, Clerkenwell",False,-0.099994,5,41,34,,False
235,1091,2010-07-20 16:32:00,True,51.530052,"St. John's Wood Church, The Regent's Park",False,-0.168314,29,50,21,,False
236,1088,2010-07-20 16:36:00,True,51.506451,"Triangle Car Park, Hyde Park",False,-0.170279,3,27,21,,False
237,1137,2010-07-20 16:40:00,True,51.498597,"Harper Road, The Borough",False,-0.096191,37,42,5,,False
238,3440,2010-07-20 16:50:00,True,51.489932,"Royal Avenue 1, Chelsea",False,-0.162727,8,10,2,,False
239,1161,2010-07-21 09:16:00,True,51.518908,"Brushfield Street, Liverpool Street",False,-0.079249,26,34,7,,False
240,1111,2010-07-21 09:24:00,True,51.504636,"Jubilee Gardens, South Bank",False,-0.116542,25,30,4,,False
241,1051,2010-07-21 09:27:00,True,51.534042,"Shoreditch Park, Hoxton",False,-0.086379,11,30,19,,False
242,3471,2010-07-21 09:29:00,True,51.530515,"Chadwell Street, Angel",False,-0.106408,15,18,3,,False
243,1147,2010-07-21 09:56:00,True,51.525575,"Clifton Road, Maida Vale",False,-0.179592,13,22,9,,False
244,3484,2010-07-21 11:27:00,True,51.51362,"Houghton Street, Strand",False,-0.116764,1,15,14,,False
245,1194,2010-07-21 11:29:00,True,51.522481,"Westminster University, Marylebone",False,-0.154907,6,16,10,,False
246,1193,2010-07-21 11:33:00,True,51.501432,"Kensington Gore, Knightsbridge",False,-0.178656,4,23,18,,False
247,3489,2010-07-21 12:17:00,True,51.513684,"Broadwick Street, Soho",False,-0.13558,9,18,7,,False
248,3491,2010-07-21 12:20:00,True,51.513489,"Princes Square, Bayswater",False,-0.191351,8,15,7,,False
249,1095,2010-07-21 12:27:00,True,51.498744,"LSBU (Borough Road), Elephant & Castle",False,-0.103132,34,35,1,,False
250,1184,2010-07-21 12:36:00,True,51.514225,"St. Mary Axe, Aldgate",False,-0.08066,3,21,18,,False
251,1146,2010-07-21 12:42:00,True,51.526443,"Tysoe Street, Clerkenwell",False,-0.109256,8,20,12,,False
252,3490,2010-07-21 13:12:00,True,51.515953,"Southwick Street, Paddington",False,-0.169249,1,17,16,,False
253,1204,2010-07-21 13:16:00,True,51.501026,"Queen's Gate (North), Kensington",False,-0.180246,0,41,41,,False
254,1155,2010-07-21 13:19:00,True,51.49206,"Regency Street, Westminster",False,-0.132224,14,22,8,,False
255,1087,2010-07-21 13:22:00,True,51.493204,"Belgrave Road, Victoria",False,-0.144132,27,29,2,,False
256,1209,2010-07-21 13:25:00,True,51.500823,"Empire Square, The Borough",False,-0.08974,39,46,7,,False
257,1190,2010-07-21 14:53:00,True,51.486343,"Kennington Lane Rail Bridge, Vauxhall",False,-0.122492,30,31,1,,False
258,1136,2010-07-21 15:02:00,True,51.535836,"London Zoo,  The Regent's Park",False,-0.156285,24,32,6,,False
259,1133,2010-07-21 15:07:00,True,51.501444,"Baylis Road, Waterloo",False,-0.110699,14,22,8,,False
260,1186,2010-07-21 15:10:00,True,51.506133,"Belvedere Road 1, South Bank",False,-0.114686,20,38,18,,False
261,1134,2010-07-21 15:13:00,True,51.496712,"Warwick Road, Olympia",False,-0.205284,10,36,26,,False
262,1191,2010-07-21 15:18:00,True,51.520044,"Barbican Centre, Barbican",False,-0.092176,6,19,13,,False
263,1098,2010-07-21 15:40:00,True,51.509301,"Lower Thames Street, Monument",False,-0.084985,2,24,22,,False
264,1143,2010-07-21 15:42:00,True,51.503157,"Kensington Church Street, Kensington",False,-0.191496,3,17,14,,False
265,1142,2010-07-21 15:45:00,True,51.503493,"Tooley Street, Bermondsey",False,-0.07962,17,17,0,,False
266,1108,2010-07-21 15:49:00,True,51.518622,"North Wharf Road, Paddington",False,-0.176645,22,25,2,,False
267,3462,2010-07-21 16:34:00,True,51.490083,"Royal Avenue 2, Chelsea",False,-0.162418,9,10,1,,False
268,3480,2010-07-21 16:37:00,True,51.495805,"Smith Square, Westminster",False,-0.127575,3,18,14,,False
269,1077,2010-07-21 16:43:00,True,51.519064,"Royal London Hospital, Whitechapel",False,-0.059642,3,42,38,,False
270,1141,2010-07-21 16:47:00,True,51.514409,"Kingsway, Covent Garden",False,-0.118478,4,16,12,,False
271,1117,2010-07-21 16:53:00,True,51.49914,"Lambeth North Station, Waterloo",False,-0.112031,16,20,3,,False
272,1187,2010-07-21 16:58:00,True,51.527294,"St. John's Wood Road, St. John's Wood",False,-0.174653,4,35,31,,False
273,1156,2010-07-21 17:01:00,True,51.523673,"Bedford Way, Bloomsbury",False,-0.128377,2,23,20,,False
274,1138,2010-07-22 11:17:00,True,51.492369,"Elizabeth Bridge, Victoria",False,-0.147478,34,34,0,,False
275,3493,2010-07-22 11:21:00,True,51.50923,"South Audley Street, Mayfair",False,-0.151296,0,15,15,,False
276,3496,2010-07-22 11:39:00,True,51.51678,"Winsland Street, Paddington",False,-0.175488,9,15,6,,False
277,1135,2010-07-22 13:07:00,True,51.484839,"Claverton Street, Pimlico",False,-0.138089,27,32,5,,False
278,1206,2010-07-22 13:10:00,True,51.498884,"Montpelier Street, Knightsbridge",False,-0.165471,5,16,11,,False
279,1214,2010-07-22 13:13:00,True,51.498157,"Kensington Olympia Station, Olympia",False,-0.209494,11,25,14,,False
280,1195,2010-07-22 13:15:00,True,51.488226,"St. George's Square, Pimlico",False,-0.135635,9,16,7,,False
281,1216,2010-07-22 13:18:00,True,51.500296,"Swan Street, The Borough",False,-0.092762,11,27,16,,False
282,200069,2013-08-23 12:56:00,True,51.493631,"Knaresborough Place, Earl's Court",False,-0.190603,7,18,11,,False
283,3498,2010-07-22 13:26:00,True,51.496127,"Geraldine Street, Elephant & Castle",False,-0.106,11,17,6,,False
284,1213,2010-07-22 14:34:00,True,51.502279,"Curlew Street, Shad Thames",False,-0.074189,8,21,13,,False
285,1196,2010-07-22 15:16:00,True,51.493985,"Vincent Square, Westminster",False,-0.136928,11,19,8,,False
286,1152,2010-07-22 15:30:00,True,51.514759,"Marylebone Lane, Marylebone",False,-0.148105,1,24,23,,False
287,3492,2010-07-22 16:26:00,True,51.466907,"Putney Pier, Wandsworth",False,-0.216573,22,28,5,,False
288,1132,2010-07-22 16:32:00,True,51.502953,"Albert Gate, Hyde Park",False,-0.158456,2,28,26,,False
289,1168,2010-07-22 17:25:00,True,51.486779,"Kennington Lane Tesco, Vauxhall",False,-0.115853,12,15,3,,False
290,3497,2010-07-22 17:31:00,True,51.518162,"Rathbone Street, Fitzrovia ",False,-0.135025,9,16,6,,False
291,1157,2010-07-22 17:35:00,True,51.509908,"Black Lion Gate, Kensington Gardens",False,-0.187842,15,24,9,,False
292,1189,2010-07-22 17:39:00,True,51.499075,"Long Lane , Bermondsey",False,-0.085666,8,20,12,,False
293,1192,2010-07-23 09:51:00,True,51.509631,"Embankment (Savoy), Strand",False,-0.119047,13,41,28,,False
294,1205,2010-07-23 11:06:00,True,51.490867,"Black Prince Road, Vauxhall",False,-0.116911,11,19,8,,False
295,1130,2010-07-23 11:19:00,True,51.530889,"Grove End Road, St. John's Wood",False,-0.17677,4,20,16,,False
296,3495,2010-07-23 11:22:00,True,51.517344,"Wells Street, Fitzrovia ",False,-0.138072,3,37,34,,False
297,3485,2010-07-23 12:28:00,True,51.500889,"Tyers Gate, Bermondsey",False,-0.083159,21,36,15,,False
298,1199,2010-07-23 12:31:00,True,51.525367,"The Tennis Courts, The Regent's Park",False,-0.153463,5,16,11,,False
299,1208,2010-07-23 12:38:00,True,51.496791,"Dickens Square, Borough",False,-0.093913,23,32,9,,False
300,1197,2010-07-23 12:42:00,True,51.510048,"Sackville Street, Mayfair",False,-0.138846,11,18,7,,False
301,3500,2010-07-23 14:06:00,True,51.527025,"Baldwin Street, St. Luke's",False,-0.088542,4,21,17,,False
302,1148,2010-07-23 14:14:00,True,51.493573,"Queen Mother Sports Centre, Victoria",False,-0.139956,25,26,1,,False
303,2637,2010-07-23 14:17:00,True,51.497855,"Bermondsey Street, Bermondsey",False,-0.081608,11,24,13,,False
304,3502,2010-07-23 14:32:00,True,51.526293,"Palissy Street, Shoreditch",False,-0.073955,5,26,21,,False
305,3501,2010-07-23 14:34:00,True,51.523196,"Clifton Street, Shoreditch",False,-0.083067,6,24,18,,False
306,1200,2010-07-23 15:22:00,True,51.49652,"Ontario Street, Elephant & Castle",False,-0.101384,9,15,6,,False
307,1158,2010-07-23 15:51:00,True,51.509087,"St. Martin's Street, West End",False,-0.129697,9,18,9,,False
308,1131,2010-07-23 15:54:00,True,51.532661,"Graham Street, Angel",False,-0.099981,19,25,6,,False
309,1128,2010-07-26 09:37:00,True,51.53095,"New North Road 1, Hoxton",False,-0.085603,8,22,14,,False
310,2641,2010-07-26 09:39:00,True,51.53114,"New North Road 2, Hoxton",False,-0.086016,12,22,10,,False
311,2636,2010-07-26 09:42:00,True,51.535892,"Prince Albert Road, The Regent's Park",False,-0.160854,14,24,10,,False
312,1203,2010-07-26 11:48:00,True,51.516417,"Eastbourne Mews, Paddington",False,-0.179135,1,34,32,,False
313,1211,2010-07-26 11:51:00,True,51.520858,"Bunhill Row, Moorgate",False,-0.089887,4,30,26,,False
314,1210,2010-07-26 12:06:00,True,51.493343,"Nevern Place, Earl's Court",False,-0.194757,3,20,17,,False
315,2633,2010-07-26 12:09:00,True,51.508605,"Palace Gardens Terrace, Notting Hill",False,-0.193764,8,37,29,,False
316,2635,2010-07-26 13:33:00,True,51.505044,"Concert Hall Approach 1, South Bank",False,-0.115851,8,10,2,,False
317,1207,2010-07-26 14:56:00,True,51.511968,"Tavistock Street, Covent Garden",False,-0.120718,3,33,30,,False
318,1212,2010-07-26 15:00:00,True,51.504942,"Concert Hall Approach 2, South Bank",False,-0.115533,16,18,2,,False
319,2589,2010-07-26 15:05:00,True,51.511084,"Pembridge Villas, Notting Hill",False,-0.197524,7,16,9,,False
320,1202,2010-07-26 16:39:00,True,51.511756,"Wellington Street , Strand",False,-0.119643,6,23,17,,False
321,1127,2010-07-26 17:10:00,True,51.533319,"Risinghill Street, Angel",False,-0.111781,5,25,20,,False
322,1201,2010-07-27 17:37:00,True,51.514441,"Bank of England Museum, Bank",False,-0.087587,4,16,12,,False
323,1160,2010-07-27 10:16:00,True,51.508103,"Craven Street, Strand",False,-0.126021,10,23,12,,False
324,1188,2010-07-27 10:51:00,True,51.536922,"London Zoo Car Park, The Regent's Park",False,-0.150181,22,36,13,,False
325,1222,2010-07-27 11:22:00,True,51.528246,"Goswell Road (City Uni), Finsbury",False,-0.101026,8,17,9,,False
326,1218,2010-07-27 12:22:00,True,51.488023,"Flood Street, Chelsea",False,-0.166878,1,33,31,,False
327,1219,2010-09-06 09:41:00,True,51.500139,"Lower Marsh, Waterloo",False,-0.113936,13,17,4,,False
328,10627,2010-09-15 09:49:00,True,51.51217,"Grosvenor Square, Mayfair",False,-0.150481,0,17,17,,False
329,1221,2010-09-15 10:32:00,True,51.51196,"St. George Street, Mayfair",False,-0.142783,7,18,11,,False
330,1231,2010-09-29 11:31:00,True,51.501715,"Queen's Gate, Kensington Gardens",False,-0.179854,17,21,4,,False
331,1226,2010-10-11 10:48:00,True,51.529423,"Macclesfield Rd, St Lukes",False,-0.097122,7,27,20,,False
332,1224,2010-10-11 12:26:00,True,51.486965,"Vauxhall Street, Vauxhall",False,-0.116625,17,19,2,,False
333,10623,2010-10-21 10:08:00,True,51.494591,"Greycoat Street , Westminster",False,-0.134234,10,17,6,,False
334,1097,,True,51.506767,"Northumberland Avenue, Strand",False,-0.123702,20,37,16,,False
335,2694,2010-10-22 14:01:00,True,51.486575,"Oval Way, Vauxhall",False,-0.117286,18,21,3,,False
336,2685,2010-10-25 13:18:00,True,51.494412,"South Kensington Station, South Kensington",False,-0.173881,3,15,12,,False
337,2691,2010-10-26 12:27:00,True,51.520994,"Howland Street, Fitzrovia",False,-0.139016,18,30,12,,False
338,1229,2010-11-18 11:31:00,True,51.516226,"High Holborn , Covent Garden",False,-0.124826,16,20,4,,False
339,2662,2010-11-05 09:56:00,True,51.497829,"Butler Place, Westminster",False,-0.13544,9,18,8,,False
340,2666,2010-11-05 11:56:00,True,51.496753,"Howick Place, Westminster",False,-0.138733,24,27,3,,False
341,2692,2010-12-09 13:50:00,True,51.503919,"Waterloo Station 2, Waterloo",False,-0.113426,48,55,6,,False
342,2686,2010-11-18 11:37:00,True,51.536264,"Royal College Street, Camden Town",False,-0.133952,27,57,29,,False
343,2665,2010-11-16 12:50:00,True,51.529121,"Lord's, St. John's Wood",False,-0.171185,14,24,10,,False
344,3507,2010-11-18 11:44:00,True,51.519656,"Alfred Place, Bloomsbury",False,-0.132339,9,41,32,,False
345,2690,2010-11-24 13:00:00,True,51.530344,"City Road, Angel",False,-0.100168,32,47,15,,False
346,1230,2010-11-25 12:08:00,True,51.510919,"Millennium Hotel, Mayfair",False,-0.151126,10,27,17,,False
347,2680,,True,51.517372,"Harrowby Street, Marylebone",False,-0.164207,11,16,5,,False
348,2681,2010-12-01 11:08:00,True,51.500241,"Harriet Street, Knightsbridge",False,-0.15934,7,25,18,,False
349,2670,2010-12-06 14:55:00,True,51.520205,"Paddington Green, Paddington",False,-0.174593,6,20,14,,False
350,2639,2010-12-07 09:07:00,True,51.49775,"King Edward Walk, Waterloo",False,-0.10988,19,22,3,,False
351,2649,2010-12-07 09:10:00,True,51.515208,"Sardinia Street, Holborn",False,-0.117863,12,24,12,,False
352,3499,2011-01-19 09:12:00,True,51.499806,"Prince Consort Road, Knightsbridge",False,-0.176415,7,18,11,,False
353,2696,2010-12-07 12:42:00,True,51.504027,"Waterloo Station 1, Waterloo",False,-0.113864,33,36,1,,False
354,10632,2010-12-08 10:57:00,True,51.501945,"Kensington Town Hall, Kensington",False,-0.194392,3,18,15,,False
355,2683,2011-01-10 12:03:00,True,51.491884,"Millbank Tower, Pimlico",False,-0.125674,16,24,8,,False
356,2648,2011-01-17 11:57:00,True,51.505354,"Waterloo Bridge, South Bank",False,-0.113656,10,15,5,,False
357,2677,2011-01-27 09:45:00,True,51.495592,"Natural History Museum, South Kensington",False,-0.179077,12,42,30,,False
358,2682,2011-01-27 09:48:00,True,51.514311,"Turquoise Island, Notting Hill",False,-0.200838,4,21,17,,False
359,3506,2011-01-27 10:50:00,True,51.506864,"Stanhope Gate, Mayfair",False,-0.150666,1,21,20,,False
360,2669,2011-01-28 08:36:00,True,51.51953,"Charlotte Street, Fitzrovia",False,-0.135777,6,14,7,,False
361,2678,2011-02-08 10:02:00,True,51.509351,"Farm Street, Mayfair",False,-0.147449,2,15,13,,False
362,2660,2011-02-02 12:20:00,True,51.513103,"Frith Street, Soho",False,-0.131213,17,18,1,,False
363,3505,2011-02-03 11:18:00,True,51.496481,"Marloes Road, Kensington",False,-0.192404,3,15,12,,False
364,3504,2011-02-03 11:29:00,True,51.513527,"Moor Street, Soho",False,-0.13011,13,16,3,,False
365,2703,2011-02-07 11:19:00,True,51.493699,"Fire Brigade Pier, Vauxhall",False,-0.121394,15,30,14,,False
366,1228,2011-02-08 16:23:00,True,51.510701,"Southampton Street, Strand",False,-0.121723,5,14,9,,False
367,10621,2011-02-10 14:26:00,True,51.51013,"Upper Grosvenor Street, Mayfair",False,-0.155757,14,18,4,,False
368,1223,2011-02-15 10:06:00,True,51.521776,"Buxton Street 1, Shoreditch",False,-0.068856,31,41,10,,False
369,1220,2011-02-17 16:05:00,True,51.499428,"Imperial College, Knightsbridge",False,-0.179702,5,21,16,,False
370,2699,2011-02-24 11:04:00,True,51.517334,"Snow Hill, Farringdon",False,-0.103604,4,15,11,,False
371,2698,,True,51.524826,"Aberdeen Place, St. John's Wood",False,-0.176268,4,18,14,,False
372,2695,2011-02-28 16:00:00,True,51.492462,"Cadogan Gardens, Chelsea",False,-0.159919,9,15,6,,False
373,2693,2011-03-02 14:12:00,True,51.51809,"Shouldham Street, Marylebone",False,-0.163609,14,16,2,,False
374,1227,2011-03-02 14:25:00,True,51.51348,"Devonshire Terrace, Bayswater",False,-0.17977,11,16,5,,False
375,10631,2011-03-02 14:34:00,True,51.502319,"Holland Park, Kensington",False,-0.200742,17,30,13,,False
376,2687,2011-03-08 11:15:00,True,51.522617,"Brick Lane Market, Shoreditch",False,-0.071653,6,24,18,,False
377,1225,2011-03-08 11:21:00,True,51.517703,"George Street, Marylebone",False,-0.154106,24,26,2,,False
378,2701,2011-03-08 13:55:00,True,51.528187,"Columbia Road, Shoreditch",False,-0.075375,5,24,18,,False
379,10625,2011-03-08 14:01:00,True,51.522892,"Penfold Street, Marylebone",False,-0.171681,2,15,13,,False
380,10630,2011-03-08 14:14:00,True,51.516892,"George Place Mews, Marylebone",False,-0.158249,6,16,10,,False
381,1110,2011-03-09 11:13:00,True,51.502042,"Palace Gate, Kensington Gardens",False,-0.1844,6,13,5,,False
382,1107,2011-03-09 11:15:00,True,51.494185,"Gloucester Road Station, South Kensington",False,-0.18267,9,15,6,,False
383,1129,,True,51.519943,"Paddington Green Police Station, Paddington",False,-0.170704,5,40,35,,False
384,10624,,True,51.493146,"Strata, Elephant & Castle",False,-0.099828,41,41,0,,False
385,1058,,True,51.519968,"Edgware Road Station, Marylebone",False,-0.169774,38,64,25,,False
386,10629,,True,51.493372,"Walworth Road, Elephant & Castle",False,-0.09968,33,33,0,,False
387,10628,2011-04-05 13:23:00,True,51.488105,"Cleaver Street, Kennington",False,-0.110121,15,17,2,,False
388,22160,2011-06-22 10:35:00,True,51.485821,"Chelsea Bridge, Pimlico",False,-0.149004,11,15,4,,False
389,22162,2011-06-28 11:53:00,True,51.504043,"Southwark Station 1, Southwark",False,-0.105312,31,37,6,,False
390,22163,2011-06-28 11:54:00,True,51.504044,"Southwark Station 2, Southwark",False,-0.104778,12,45,33,,False
391,22164,2011-07-05 11:04:00,True,51.494561,"Eaton Square (South), Belgravia",False,-0.153933,28,31,3,,False
392,22159,2011-12-22 10:52:00,True,51.490491,"Ebury Bridge, Pimlico",False,-0.149186,6,29,23,,False
393,22181,2011-07-07 09:47:00,True,51.533379,"Harrington Square 2, Camden Town",False,-0.139159,22,38,16,,False
394,22161,2011-07-12 10:42:00,True,51.493072,"Vincent Street, Pimlico",False,-0.129925,13,17,4,,False
395,22180,2011-07-15 11:28:00,True,51.51397,"Cheapside, Bank",False,-0.09294,6,43,36,,False
396,22179,2011-10-13 09:55:00,True,51.499917,"Exhibition Road, Knightsbridge",False,-0.174554,12,20,7,,False
397,22182,2011-12-22 10:33:00,True,51.48902,"South Parade, Chelsea",False,-0.17524,10,18,8,,False
398,22183,2011-12-08 14:37:00,True,51.534474,"Crinan Street, King's Cross",False,-0.122203,15,20,4,,False
399,22158,2011-10-24 10:32:00,True,51.496957,"Exhibition Road Museums, South Kensington",False,-0.173894,7,22,14,,False
400,22169,2011-12-08 16:26:00,True,51.524564,"Wren Street, Holborn",False,-0.116279,18,33,14,,False
401,22170,2011-12-08 12:07:00,True,51.488852,"Kennington Station, Kennington",False,-0.105593,19,23,4,,False
402,22171,2011-12-08 13:17:00,True,51.51824,"Red Lion Street, Holborn",False,-0.11655,6,36,30,,False
403,200056,2012-01-05 06:53:00,True,51.488124,"Vauxhall Walk, Vauxhall",False,-0.120903,19,27,7,,False
404,200053,2012-01-04 19:31:00,True,51.5338,"Killick Street, King's Cross",False,-0.118677,13,22,9,,False
405,200032,2012-01-04 20:16:00,True,51.483145,"Kennington Oval, Oval",False,-0.113134,29,33,4,,False
406,200039,2012-01-04 21:07:00,True,51.495656,"Sail Street, Vauxhall",False,-0.114605,13,24,11,,False
407,200035,2012-01-07 12:47:00,True,51.510101,"Walmer Road, Avondale",False,-0.211358,0,24,24,,False
408,200033,2012-01-07 13:10:00,True,51.515256,"Philpot Street, Whitechapel",False,-0.058641,15,30,15,,False
409,200047,2012-01-07 13:58:00,True,51.52568,"Bethnal Green Garden, Bethnal Green",False,-0.055312,4,24,20,,False
410,200003,2012-01-07 14:17:00,True,51.52388,"Cheshire Street, Bethnal Green",False,-0.065076,6,28,22,,False
411,200042,2012-01-07 15:08:00,True,51.528936,"York Hall, Bethnal Green",False,-0.055894,19,27,7,,False
412,200054,2012-01-07 15:10:00,True,51.493381,"Jubilee Crescent, Cubitt Town",False,-0.007542,8,54,45,,False
413,22165,2012-01-07 16:11:00,True,51.50623,"Fisherman's Walk West, Canary Wharf",False,-0.02296,7,36,29,,False
414,200020,2012-01-07 16:15:00,True,51.511088,"Shadwell Station, Shadwell",False,-0.057159,7,35,28,,False
415,200002,2012-01-09 10:34:00,True,51.515975,"Jubilee Street, Stepney",False,-0.053177,25,28,3,,False
416,200021,2012-01-02 10:50:00,True,51.504719,"Hermitage Court, Wapping",False,-0.063531,7,16,9,,False
417,200049,2012-01-09 11:39:00,True,51.505697,"St. Katharine's Way, Tower",False,-0.070542,15,24,9,,False
418,200045,2012-01-09 12:11:00,True,51.508447,"Garnet Street, Shadwell",False,-0.055167,16,24,8,,False
419,200046,2012-01-09 13:23:00,True,51.487679,"Napier Avenue, Millwall",False,-0.021582,5,20,14,,False
420,200031,2012-01-09 14:03:00,True,51.49447,"East Ferry Road, Cubitt Town",False,-0.014409,6,17,11,,False
421,200118,2012-01-10 12:13:00,True,51.538071,"Parkway, Camden Town",False,-0.144664,28,33,4,,False
422,200016,2012-01-10 13:48:00,True,51.542138,"Castlehaven Road, Camden Town",False,-0.145393,7,29,22,,False
423,200034,2012-01-11 15:13:00,True,51.504749,"Wapping Lane, Wapping",False,-0.057544,27,28,1,,False
424,200014,,True,51.535179,"Gunmakers Lane, Old Ford",False,-0.03338,3,17,14,,False
425,200123,2012-01-11 12:27:00,True,51.516196,"Burdett Road, Mile End",False,-0.029138,17,33,16,,False
426,200013,2012-01-11 14:54:00,True,51.516,"Aston Street, Stepney",False,-0.038775,17,26,9,,True
427,200105,2012-01-11 15:10:00,True,51.541603,"Bonny Street, Camden Town",False,-0.138853,31,45,14,,False
428,200093,,True,51.534776,"Thurtle Road, Haggerston",False,-0.071881,10,22,12,,False
429,200082,2012-01-11 18:03:00,True,51.51417,"St. Mary & St. Michael Church, Stepney",False,-0.052099,5,25,20,,False
430,200152,2012-04-05 09:08:00,True,51.53558,"Pitfield Street North,Hoxton",False,-0.08249,20,28,8,,False
431,200158,2012-01-12 09:20:00,True,51.534464,"Whiston Road, Haggerston",False,-0.076341,1,21,20,,False
432,200168,2012-01-12 13:14:00,True,51.523538,"Southern Grove, Bow",False,-0.030556,10,17,7,,False
433,200150,2012-01-12 13:42:00,True,51.521564,"Cantrell Road, Bow",False,-0.022694,20,24,4,,False
434,22178,2012-01-12 15:11:00,True,51.513757,"Lindfield Street, Poplar",False,-0.020467,13,44,30,,False
435,200174,2012-01-17 08:57:00,True,51.530535,"Mostyn Grove, Bow",False,-0.025492,5,46,41,,False
436,200006,2012-01-17 09:01:00,True,51.533283,"Hewison Street, Old Ford",False,-0.028155,3,19,16,,False
437,200019,2012-01-17 09:06:00,True,51.529452,"Malmesbury Road, Bow",False,-0.027616,13,21,8,,False
438,22167,2012-01-17 16:09:00,True,51.496137,"Millharbour, Millwall",False,-0.019355,8,19,11,,False
439,200155,2012-01-17 17:56:00,True,51.498125,"Castalia Square, Cubitt Town",False,-0.011457,27,39,12,,False
440,200004,2012-01-17 18:38:00,True,51.499041,"Lightermans Road, Millwall",False,-0.020157,11,57,46,,False
441,200009,2012-01-19 08:35:00,True,51.489096,"Stebondale Street, Cubitt Town",False,-0.009205,28,29,0,,False
442,200018,2012-01-19 09:03:00,True,51.49109,"Spindrift Avenue, Millwall",False,-0.018716,29,36,6,,False
443,200012,2012-01-19 09:33:00,True,51.521889,"Stepney Green Station, Stepney",False,-0.04667,16,21,3,,False
444,200156,2012-01-19 09:44:00,True,51.527152,"Pott Street, Bethnal Green",False,-0.058005,20,20,0,,False
445,200115,2012-01-19 12:17:00,True,51.512871,"Flamborough Street, Limehouse",False,-0.038986,24,25,1,,False
446,200022,2012-01-19 18:08:00,True,51.487129,"Saunders Ness Road, Cubitt Town",False,-0.009001,32,35,3,,False
447,200052,2012-01-19 18:12:00,True,51.509843,"Thornfield House, Poplar",False,-0.02377,22,26,4,,False
448,22166,2012-01-20 19:38:00,True,51.51328,"Albert Gardens, Stepney",False,-0.047784,21,33,12,,False
449,22172,2012-01-23 17:29:00,True,51.528828,"Bromley High Street, Bow",False,-0.013258,17,24,7,,False
450,22173,2012-01-22 18:04:00,True,51.531127,"Old Ford Road, Bethnal Green",False,-0.048017,16,24,8,,False
451,22174,2012-01-23 17:11:00,True,51.525645,"Granby Street, Shoreditch",False,-0.069543,22,37,15,,False
452,22175,2012-01-30 15:21:00,True,51.511811,"Canton Street, Poplar",False,-0.025626,9,23,14,,False
453,22176,2012-01-22 17:56:00,True,51.506946,"Reardon Street, Wapping",False,-0.058681,14,22,8,,False
454,22177,2012-01-20 19:32:00,True,51.513074,"Christian Street, Whitechapel",False,-0.064094,28,34,5,,False
455,200090,,True,51.508622,"Pennington Street, Wapping",False,-0.065006,19,45,26,,False
456,200249,2012-01-22 18:17:00,True,51.522507,"Queen Mary's, Mile End",False,-0.041378,37,45,5,,False
457,200230,2012-01-22 18:22:00,True,51.524677,"The Green Bridge, Mile End",False,-0.03562,11,63,52,,False
458,200233,2012-01-24 19:27:00,True,51.50196,"South Quay East, Canary Wharf",False,-0.016251,18,36,18,,False
459,200252,2012-01-23 17:41:00,True,51.528169,"Bow Church Station, Bow",False,-0.018703,10,39,28,,False
460,200255,2012-01-24 10:27:00,True,51.52512,"Devons Road, Bow",False,-0.015578,9,39,29,,False
461,200242,2012-01-24 09:47:00,True,51.526177,"Merchant Street, Bow",False,-0.027467,6,27,21,,False
462,200251,2012-01-24 09:51:00,True,51.527058,"Bow Road Station, Bow",False,-0.025296,28,42,14,,False
463,200011,2012-01-24 12:26:00,True,51.519265,"Furze Green, Bow",False,-0.021345,10,36,24,,False
464,200148,2012-01-24 18:34:00,True,51.519806,"Ansell House, Stepney",False,-0.055731,20,41,20,,False
465,200073,2012-01-24 18:37:00,True,51.522561,"Cephas Street, Bethnal Green",False,-0.054883,13,24,9,,False
466,200250,2012-01-25 12:02:00,True,51.520893,"Cleveland Way, Stepney",False,-0.051394,35,36,0,,False
467,200243,2012-01-30 15:37:00,True,51.496454,"St. John's Park, Cubitt Town",False,-0.009506,2,30,26,,False
468,200038,2012-01-30 15:31:00,True,51.520398,"Ackroyd Drive, Bow",False,-0.026768,16,29,12,,False
469,200036,2012-01-30 15:51:00,True,51.517475,"Bell Lane, Liverpool Street",False,-0.075855,6,23,17,,False
470,200131,2012-01-30 15:47:00,True,51.528692,"Clarkson Street, Bethnal Green",False,-0.059091,14,31,17,,False
471,200157,2012-01-30 15:43:00,True,51.519362,"Fournier Street, Whitechapel",False,-0.074431,14,18,3,,False
472,200253,2012-01-30 15:42:00,True,51.517842,"Fore Street, Guildhall",False,-0.090075,3,19,16,,False
473,200238,,True,51.509303,"Westferry DLR, Limehouse",False,-0.025996,39,41,2,,False
474,200256,2012-01-30 15:39:00,True,51.511066,"Sutton Street, Shadwell",False,-0.053558,30,33,2,,False
475,200083,2012-02-01 16:10:00,True,51.532091,"Pritchard's Road, Bethnal Green",False,-0.06142,13,30,17,,False
476,200162,,True,51.514222,"Watney Market, Stepney",False,-0.055656,14,51,37,,False
477,200008,2012-02-02 16:52:00,True,51.516204,"Portman Square, Marylebone",False,-0.155525,7,17,9,,False
478,200080,,True,51.500088,"Russell Gardens, Olympia",False,-0.211316,2,24,22,,False
479,200089,2012-02-02 17:07:00,True,51.5112,"Chrisp Street Market, Poplar",False,-0.014438,17,18,1,,False
480,200027,2012-01-17 09:01:00,True,51.532513,"Ford Road, Old Ford",False,-0.033085,7,17,10,,False
481,200041,,True,51.528224,"Antill Road, Mile End",False,-0.037471,23,30,7,,False
482,200254,,True,51.518811,"Teviot Street, Poplar",False,-0.011662,13,33,20,,False
483,200234,,True,51.526041,"Bancroft Road, Bethnal Green",False,-0.047218,10,21,11,,False
484,200030,,True,51.534137,"Driffield Road, Old Ford",False,-0.037366,8,19,10,,False
485,200161,,True,51.525941,"Clinton Road, Mile End",False,-0.036017,11,36,25,,False
486,200160,,True,51.51549,"Langdon Park, Poplar",False,-0.013475,23,24,1,,False
487,200017,2012-02-06 07:58:00,True,51.511654,"Lancaster Gate , Bayswater",False,-0.179668,21,38,17,,False
488,200143,,True,51.503143,"Lancaster Drive, Blackwall",False,-0.008428,3,27,23,,False
489,200154,2012-02-09 08:48:00,True,51.503802,"Hansard Mews, Holland Park",False,-0.215808,5,20,15,,False
490,200088,2012-02-09 08:58:00,True,51.507326,"Clarges Street, Mayfair",False,-0.145827,16,16,0,,False
491,200010,,True,51.486892,"Manresa Road, Chelsea",False,-0.170983,16,18,2,,False
492,200146,,True,51.508896,"Newby Place, Poplar",False,-0.012413,15,18,3,,False
493,200167,2012-02-09 09:14:00,True,51.530326,"Twig Folly Bridge, Mile End",False,-0.042744,14,21,6,,False
494,200163,2012-02-10 15:06:00,True,51.50357,"Jubilee Plaza, Canary Wharf",False,-0.020068,2,63,60,,False
495,200165,,True,51.528222,"Wellington Row, Bethnal Green",False,-0.069743,24,33,9,,False
496,200159,,True,51.531864,"Goldsmith's Row, Haggerston",False,-0.066035,19,27,6,,False
497,200145,,True,51.537349,"Gloucester Avenue, Camden Town",False,-0.147154,11,24,13,,False
498,200024,,True,51.53385,"Queensbridge Road, Haggerston",False,-0.06992,30,35,5,,False
499,200239,2012-02-27 14:28:00,True,51.51793,"Old Montague Street, Whitechapel",False,-0.067937,2,18,16,,False
500,200050,,True,51.508981,"Naval Row, Blackwall",False,-0.00699,16,21,4,,False
501,200151,,True,51.531091,"Hoxton Station, Hoxton",False,-0.075901,0,22,21,,False
502,200134,,True,51.528302,"Albany Street, The Regent's Park",False,-0.144466,17,27,9,,False
503,200096,,True,51.506613,"Green Park Station, Mayfair",False,-0.142844,3,28,25,,False
504,200147,,True,51.514115,"Salmon Lane, Limehouse",False,-0.033828,30,33,2,,False
505,200065,,True,51.509591,"Lansdowne Walk, Ladbroke Grove",False,-0.204666,6,21,15,,False
506,200051,,True,51.526153,"Percival Street, Finsbury",False,-0.102208,6,22,16,,False
507,200070,,True,51.539957,"Arlington Road, Camden Town",False,-0.145246,18,24,5,,False
508,200044,,True,51.517428,"New Fetter Lane, Holborn",False,-0.107987,4,21,16,,False
509,200127,,True,51.509474,"East India DLR, Blackwall",False,-0.002275,21,51,30,,False
510,200076,,True,51.498386,"Westminster Bridge Road, Elephant & Castle",False,-0.107913,17,26,9,,False
511,200132,,True,51.49605,"Gaywood  Street, Elephant & Castle",False,-0.104193,38,45,6,,False
512,200102,,True,51.521564,"Harford Street, Mile End",False,-0.039264,9,23,14,,False
513,200149,,True,51.511542,"Watney Street, Shadwell",False,-0.056667,5,27,22,,False
514,200064,,True,51.535678,"Regent's Row , Haggerston ",False,-0.062546,19,24,4,,False
515,200078,,True,51.513548,"Aberfeldy Street, Poplar",False,-0.005659,5,16,10,,False
516,200138,,True,51.502661,"Heron Quays DLR, Canary Wharf",False,-0.021596,15,27,12,,False
517,200203,,True,51.51601,"King Edward Street, St Pauls",False,-0.0985,2,20,17,,False
518,200048,2014-05-09 12:32:00,True,51.493978,"Page Street, Westminster",False,-0.127554,16,24,8,,False
519,200111,,True,51.501391,"Abbotsbury Road, Holland Park",False,-0.205991,16,24,8,,False
520,200015,,True,51.511624,"Ladbroke Grove Central, Ladbroke Grove",False,-0.205921,6,21,15,,False
521,200037,2012-02-29 08:19:00,True,51.518369,"Rectory Square, Stepney",False,-0.043371,9,22,13,,False
522,200074,2012-02-29 08:17:00,True,51.51746,"Bury Place, Holborn",False,-0.12335,1,21,18,,False
523,200232,,True,51.499286,"Preston's Road, Cubitt Town",False,-0.009152,7,26,18,,False
524,200068,,True,51.509943,"Somerset House, Strand",False,-0.117619,6,41,34,,False
525,200135,,True,51.521905,"Selby Street, Whitechapel",False,-0.063386,5,17,12,,False
526,200141,2012-03-05 08:59:00,True,51.509158,"Westfield Ariel Way, White City",False,-0.224103,21,42,20,,False
527,200110,,True,51.51616,"Bishop's Bridge Road West, Bayswater",False,-0.18697,2,18,15,,False
528,200248,,True,51.53213,"Pitfield Street Central, Hoxton",False,-0.08299,4,30,24,,False
529,200099,2012-03-03 11:13:00,True,51.503083,"Upper Bank Street, Canary Wharf",False,-0.017676,10,36,25,,False
530,200061,2012-03-01 16:43:00,True,51.506256,"Westfield Southern Terrace ,Shepherd's Bush",False,-0.218337,13,29,16,,False
531,200026,,True,51.539099,"Greenland Road, Camden Town",False,-0.141728,23,36,11,,False
532,200001,2012-03-15 07:21:00,True,51.485587,"Limerston Street, West Chelsea",False,-0.18119,15,18,3,,False
533,200246,2012-04-05 10:36:00,True,51.53356,"Eagle Wharf Road, Hoxton",False,-0.09315,39,45,6,,False
534,200109,,True,51.497304,"Alpha Grove, Millwall",False,-0.022793,10,22,12,,False
535,200247,,True,51.528869,"Globe Town Market, Bethnal Green",False,-0.047548,10,20,10,,False
536,200244,2012-02-28 15:58:00,True,51.527607,"Hollybush Gardens, Bethnal Green",False,-0.057133,27,32,5,,False
537,200128,,True,51.511246,"Queen Street 2, Bank",False,-0.093051,0,36,35,,False
538,200084,2014-02-12 12:35:00,True,51.486929,"Doddington Grove, Kennington",False,-0.102996,31,36,5,,False
539,200005,2012-03-16 07:39:00,True,51.519167,"New Cavendish Street, Marylebone",False,-0.147983,4,18,12,,False
540,200231,,True,51.497622,"Abingdon Green, Westminster",False,-0.125978,4,20,16,,False
541,200092,2012-03-15 07:40:00,True,51.490645,"Mudchute DLR, Cubitt Town",False,-0.014582,2,31,29,,False
542,200101,2012-03-22 08:52:00,True,51.50964,"Monument Street, Monument",False,-0.08497,10,22,12,,False
543,200071,2012-03-05 08:57:00,True,51.52959,"Hoxton Street, Hoxton",False,-0.0801,23,27,4,,False
544,200060,,True,51.487196,"Drayton Gardens, West Chelsea",False,-0.179369,16,18,2,,False
545,200236,,True,51.53256,"Greenberry Street, St.John's Wood",False,-0.16862,8,26,18,,False
546,200227,2012-03-03 07:30:00,True,51.506093,"Westfield Library Corner, Shepherd's Bush",False,-0.224223,16,27,11,,False
547,200108,,True,51.5171,"Bishop's Bridge Road East, Bayswater",False,-0.18377,10,20,10,,False
548,200058,,True,51.531066,"Northdown Street, King's Cross",False,-0.11934,11,21,10,,False
549,200226,2012-03-14 07:38:00,True,51.513875,"Kingsway Southbound, Strand",False,-0.117774,17,33,16,,False
550,200142,,True,51.493267,"Hammersmith Road, Hammersmith",False,-0.21985,10,22,10,,False
551,200237,,True,51.472817,"Parson's Green , Parson's Green",False,-0.199783,3,21,18,,False
552,200229,,True,51.473471,"Fulham Park Road, Fulham",False,-0.20782,20,27,7,,False
553,200166,,True,51.494499,"Southerton Road, Hammersmith",False,-0.228188,8,38,30,,False
554,200235,,True,51.485743,"Manbre Road, Hammersmith",False,-0.223616,4,28,24,,False
555,200133,,True,51.481747,"South Lambeth Road, Vauxhall",False,-0.124642,18,21,3,,False
556,200136,,True,51.514767,"BBC White City, White City",False,-0.225787,20,36,16,,False
557,200211,,True,51.472993,"Union Grove, Wandsworth Road",False,-0.133972,36,45,9,,False
558,200137,,True,51.477839,"Caldwell Street, Stockwell",False,-0.116493,24,44,19,,False
559,200195,,True,51.538792,"St Martins Close, Camden Town",False,-0.138535,15,18,3,,False
560,200198,,True,51.520331,"Seymour Place, Marylebone",False,-0.163667,15,29,13,,False
561,200218,,True,51.504199,"Addison Road, Holland Park",False,-0.210941,11,26,15,,False
562,200125,,True,51.468814,"Putney Bridge Station, Fulham",False,-0.210279,14,21,7,,False
563,200224,,True,51.491093,"Colet Gardens, Hammersmith",False,-0.216493,3,30,27,,False
564,200208,2013-09-25 12:53:00,True,51.465123,"Sugden Road, Clapham",False,-0.157788,13,19,6,,False
565,200222,2013-09-25 13:51:00,True,51.482567,"Danvers Street, West Chelsea",False,-0.172078,11,21,10,,False
566,200067,2013-09-26 14:59:00,True,51.506465,"Princedale Road , Holland Park",False,-0.208486,13,20,7,,False
567,200175,2013-09-27 16:10:00,True,51.469259,"Wandsworth Rd, Isley Court, Wandsworth Road",False,-0.141812,26,30,4,,False
568,200214,2013-09-26 17:11:00,True,51.504038,"Woodstock Grove, Shepherd's Bush",False,-0.2174,3,24,21,,False
569,200025,2013-10-03 11:10:00,True,51.478172,"Bradmead, Battersea Park",False,-0.14469,25,40,15,,False
570,200029,2013-09-27 14:35:00,True,51.476885,"Finlay Street, Fulham",False,-0.215895,11,24,13,,False
571,200098,,True,51.481021,"Aintree Street, Fulham",False,-0.209973,4,24,20,,False
572,200028,2013-09-30 09:59:00,True,51.471079,"Elysium Place, Fulham",False,-0.207842,11,21,10,,False
573,300003,2013-09-30 14:09:00,True,51.476259,"Eel Brook Common, Walham Green",False,-0.193254,8,24,16,,False
574,300012,2013-09-30 15:46:00,True,51.473763,"Irene Road, Parsons Green",False,-0.19701,23,43,20,,False
575,300010,2013-10-01 13:04:00,True,51.47518,"Surrey Lane, Battersea",False,-0.16716,6,28,21,,False
576,200091,2013-10-04 16:08:00,True,51.460864,"Wandsworth Town Station, Wandsworth",False,-0.187427,13,33,20,,False
577,200172,2013-10-04 16:48:00,True,51.507481,"Lansdowne Road, Ladbroke Grove",False,-0.205535,5,29,24,,False
578,200186,2013-10-07 09:42:00,True,51.46193,"Nantes Close, Wandsworth",False,-0.180791,10,22,12,,False
579,200173,2013-10-08 10:24:00,True,51.472918,"Courland Grove, Wandsworth Road",False,-0.132102,25,40,15,,False
580,200190,2013-10-08 11:18:00,True,51.477619,"Queen's Circus, Battersea Park",False,-0.149551,9,28,17,,False
581,300008,2013-10-16 11:45:00,True,51.484386,"Normand Park, West Kensington",False,-0.204815,15,24,9,,False
582,200007,2013-10-16 14:50:00,True,51.46879,"Holden Street, Battersea",False,-0.15823,16,20,4,,False
583,200062,2013-10-10 15:23:00,True,51.468819,"William Morris Way, Sands End",False,-0.184318,5,26,21,,False
584,200187,2013-10-11 09:18:00,True,51.459953,"Morie Street, Wandsworth",False,-0.190184,21,28,7,,False
585,200194,2013-10-11 11:25:00,True,51.470732,"Clarence Walk, Stockwell",False,-0.126994,12,28,16,,False
586,200183,2013-10-08 16:15:00,True,51.479501,"Battersea Park Road, Nine Elms",False,-0.14177,13,27,14,,False
587,200176,2013-10-08 09:25:00,True,51.470538,"Sheepcote Lane, Battersea",False,-0.163041,18,27,8,,False
588,200116,2013-10-10 12:02:00,True,51.489591,"Vereker Road, West Kensington",False,-0.209378,13,32,18,,False
589,300002,2013-10-14 10:43:00,True,51.494347,"Brook Green South, Brook Green",False,-0.215804,5,33,28,,False
590,200215,2013-10-14 14:14:00,True,51.486062,"Greyhound Road, Hammersmith",False,-0.214428,11,37,26,,False
591,200180,2013-10-15 15:12:00,True,51.467064,"South Park, Sands End",False,-0.193502,2,28,25,,False
592,200191,2013-10-16 15:28:00,True,51.45787,"Spencer Park, Wandsworth Common",False,-0.174691,19,25,5,,False
593,300014,,True,51.466633,"Falcon Road, Clapham Junction",False,-0.169821,26,28,2,2013-10-15 11:47:00,False
594,200081,2013-10-15 12:15:00,True,51.48357,"Coomer Place, West Kensington",False,-0.202038,15,27,12,,False
595,200179,2013-10-17 12:47:00,True,51.472865,"Silverthorne Road, Battersea",False,-0.148059,16,28,12,,False
596,300025,2013-10-16 13:35:00,True,51.498241,"Archbishop's Park, Waterloo",False,-0.117495,11,23,12,,False
597,200192,2013-10-16 15:37:00,True,51.469161,"Fawcett Close, Battersea",False,-0.174485,6,36,30,,False
598,300026,2013-10-17 12:52:00,True,51.519042,"All Saints' Road, Portobello",False,-0.204764,11,22,11,,False
599,200182,2013-10-20 15:16:00,True,51.483732,"Rainville Road, Hammersmith",False,-0.223852,6,36,30,,False
600,200200,2013-10-18 16:40:00,True,51.501732,"Great Suffolk Street, The Borough",False,-0.100292,8,21,11,,False
601,200178,2013-10-18 09:19:00,True,51.498865,"Buckingham Gate, Westminster",False,-0.137424,2,16,14,,False
602,200181,2013-10-21 10:19:00,True,51.500353,"Richmond Way, Shepherd's Bush",False,-0.217515,8,27,19,,False
603,200171,2013-10-21 11:54:00,True,51.46904,"Peterborough Road, Sands End",False,-0.196274,5,30,25,,False
604,300009,2013-10-21 10:40:00,True,51.481805,"World's End Place, West Chelsea",False,-0.180274,17,22,5,,False
605,300034,2013-10-22 11:42:00,True,51.51687,"St. Mark's Road, North Kensington",False,-0.213872,18,23,5,,False
606,300030,2013-10-22 12:33:00,True,51.480898,"Thorndike Close, West Chelsea",False,-0.183853,1,25,24,,False
607,300022,2013-10-15 15:49:00,True,51.511486,"Evesham Street, Avondale",False,-0.21819,25,29,4,,False
608,200196,2013-10-23 15:51:00,True,51.470847,"Simpson Street, Clapham Junction",False,-0.170703,15,25,9,,False
609,200223,2013-10-23 10:20:00,True,51.482678,"Ashmole Estate, Oval",False,-0.117661,32,34,2,,False
610,200221,2013-10-24 11:40:00,True,51.482944,"Crabtree Lane, Fulham",False,-0.219346,3,27,22,,False
611,200040,2013-10-24 12:36:00,True,51.468418,"Broomhouse Lane, Parsons Green",False,-0.199135,24,29,5,,False
612,200220,2013-10-24 14:30:00,True,51.49968,"Blythe Road West, Shepherd's Bush",False,-0.221791,9,21,11,,False
613,300005,2013-11-06 09:45:00,True,51.477292,"Ethelburga Estate, Battersea Park",False,-0.164786,5,30,25,,False
614,200212,2013-10-25 11:31:00,True,51.46437,"Grant Road West, Clapham Junction",False,-0.174619,24,57,33,,False
615,300020,2013-10-25 13:49:00,True,51.49087,"West Kensington Station, West Kensington",False,-0.206029,1,22,21,,False
616,300023,2013-10-27 15:28:00,True,51.51632,"All Saints Church, Portobello",False,-0.202608,24,37,13,,False
617,200189,2013-10-27 09:38:00,True,51.484984,"Phene Street, Chelsea",False,-0.167919,4,24,20,,False
618,200124,2013-10-27 10:34:00,True,51.51323,"Clarendon Road, Avondale",False,-0.211593,10,24,14,,False
619,300013,2013-10-28 12:45:00,True,51.474376,"Austin Road, Battersea Park",False,-0.155442,14,24,10,,False
620,200113,2013-10-28 15:55:00,True,51.461083,"Smugglers Way, Wandsworth",False,-0.191722,2,28,26,,False
621,300004,2013-10-29 16:18:00,True,51.4961,"Olympia Way, Olympia",False,-0.208158,8,38,30,,False
622,200209,2013-10-30 12:29:00,True,51.501594,"Shepherd's Bush Road North, Shepherd's Bush",False,-0.222293,9,34,25,,False
623,300037,2013-10-30 14:26:00,True,51.494223,"Ravenscourt Park Station, Hammersmith",False,-0.236769,13,26,13,,False
624,300036,2013-10-30 15:41:00,True,51.476149,"Teversham Lane, Stockwell",False,-0.123258,30,39,9,,False
625,200169,2013-10-31 09:44:00,True,51.467185,"Ashley Crescent, Battersea",False,-0.152248,25,28,3,,False
626,300052,2013-10-31 11:12:00,True,51.475089,"Parsons Green Station, Parsons Green",False,-0.201968,50,56,4,,False
627,200206,2013-10-31 12:11:00,True,51.464688,"Grant Road Central, Clapham Junction",False,-0.173656,17,28,11,,False
628,300051,2013-11-01 15:25:00,True,51.46517,"Hibbert Street, Battersea",False,-0.180389,26,36,9,,False
629,300035,,True,51.535467,"Carnegie Street, King's Cross",False,-0.116191,35,40,4,,False
630,200126,2013-11-01 16:12:00,True,51.463489,"Usk Road, Clapham Junction",False,-0.182126,7,30,23,,False
631,200207,2013-11-04 17:00:00,True,51.47787,"Hartington Road, Stockwell",False,-0.126874,16,35,19,,False
632,200023,2013-11-03 10:56:00,True,51.468669,"Heath Road, Battersea",False,-0.146544,14,27,13,,False
633,200170,2013-11-05 12:13:00,True,51.462312,"Esmond Street, Putney",False,-0.211468,18,30,12,,False
634,200114,2013-11-05 14:20:00,True,51.474535,"Orbel Street, Battersea",False,-0.17021,13,26,13,,False
635,200210,2013-11-05 13:18:00,True,51.477684,"Westbridge Road, Battersea",False,-0.170329,4,28,24,,False
636,200043,2013-11-06 10:24:00,True,51.473036,"Bishop's Avenue, Fulham",False,-0.214749,13,46,32,,False
637,200059,2013-11-06 11:44:00,True,51.488108,"Crisp Road, Hammersmith",False,-0.226606,34,46,12,,False
638,200119,2013-11-06 15:07:00,True,51.465064,"Dorothy Road, Clapham Junction",False,-0.16375,17,28,11,,False
639,200188,2013-11-07 11:23:00,True,51.454752,"Neville Gill Close, Wandsworth",False,-0.195197,18,32,14,,False
640,200219,2013-11-07 12:30:00,True,51.46067,"Osiers Road, Wandsworth",False,-0.198735,4,30,26,,False
641,200097,2013-11-07 14:46:00,True,51.488144,"Beryl Road, Hammersmith",False,-0.222456,2,26,24,,False
642,200216,2013-11-07 15:34:00,True,51.497608,"Maclise Road, Olympia",False,-0.211455,2,26,24,,False
643,200204,2013-11-08 12:54:00,True,51.460951,"Northfields, Wandsworth",False,-0.200667,3,28,25,,False
644,200106,2013-11-08 13:43:00,True,51.459225,"Spanish Road, Clapham Junction",False,-0.180884,8,30,22,,False
645,200199,2013-11-08 15:31:00,True,51.470475,"Stanley Grove, Battersea",False,-0.15213,10,24,14,,False
646,200184,2013-11-18 08:32:00,True,51.479463,"Erin Close, Walham Green",False,-0.195777,1,24,23,,False
647,200112,2013-11-11 10:37:00,True,51.542118,"Cadogan Close, Victoria Park",False,-0.028941,14,22,8,,False
648,300019,2013-11-09 12:46:00,True,51.464786,"Felsham Road, Putney",False,-0.215618,8,18,10,,False
649,300033,2013-11-09 13:44:00,True,51.460717,"Putney Rail Station, Putney",False,-0.216526,8,20,12,,False
650,300031,2013-11-11 12:27:00,True,51.536384,"Islington Green, Angel",False,-0.102757,11,21,10,,False
651,300018,2013-11-11 14:27:00,True,51.487285,"Charing Cross Hospital, Hammersmith",False,-0.217995,12,21,9,,False
652,200129,2013-11-12 10:12:00,True,51.536392,"Charlotte Terrace, Angel",False,-0.112721,25,25,0,,False
653,200121,2013-11-12 11:05:00,True,51.539083,"Shoreditch Court, Haggerston",False,-0.070329,8,35,27,,False
654,200057,2013-11-12 11:34:00,True,51.536654,"Belford House, Haggerston",False,-0.07023,19,39,20,,False
655,200201,2013-11-13 11:48:00,True,51.476964,"Battersea Church Road, Battersea",False,-0.174347,4,25,20,,False
656,200077,2013-11-13 12:18:00,True,51.472876,"Vicarage Crescent, Battersea",False,-0.176267,6,30,24,,False
657,200213,2013-11-13 12:31:00,True,51.528681,"Durant Street, Bethnal Green",False,-0.06555,14,24,10,,False
658,200094,2013-11-13 15:50:00,True,51.515059,"St. Bride Street, Holborn",False,-0.105344,3,25,22,,False
659,200063,2013-11-14 15:38:00,True,51.45682,"Mexfield Road, East Putney",False,-0.202802,4,18,14,,False
660,200193,2013-11-14 09:22:00,True,51.502153,"Snowsfields, London Bridge",False,-0.083632,25,31,6,,False
661,200197,2013-11-14 13:28:00,True,51.490217,"Barons Court Station, West Kensington",False,-0.215087,11,32,20,,False
662,200217,2013-11-15 15:43:00,True,51.46161,"Disraeli Road, Putney",False,-0.216145,4,33,29,,False
663,200205,2013-11-15 10:09:00,True,51.463211,"Montserrat Road , Putney",False,-0.21555,16,23,7,,False
664,300045,2013-11-15 13:03:00,True,51.474392,"Albert Bridge Road, Battersea Park",False,-0.163347,12,20,8,,False
665,300028,2013-11-18 16:19:00,True,51.483356,"Everington Street, Fulham",False,-0.216305,3,31,28,,False
666,300056,2013-11-18 17:52:00,True,51.518541,"Mile End Stadium, Mile End",False,-0.034903,17,22,5,,False
667,200122,2013-11-18 11:37:00,True,51.541007,"Hawley Crescent, Camden Town",False,-0.14326,14,22,8,,False
668,300055,2013-11-19 12:50:00,True,51.473116,"Stewart's Road, Wandsworth Road",False,-0.137235,18,28,10,,False
669,300049,2013-11-19 13:41:00,True,51.51563,"Aylward Street, Stepney",False,-0.049067,17,22,5,,False
670,300048,2013-11-19 15:05:00,True,51.515427,"Stainsby Road , Poplar",False,-0.023565,10,24,14,,False
671,300024,2013-11-20 13:00:00,True,51.536585,"Dunston Road , Haggerston",False,-0.075885,17,43,26,,False
672,300040,2013-11-20 15:54:00,True,51.535716,"Ada Street, Hackney Central",False,-0.060291,43,45,2,,False
673,300011,2013-11-20 17:28:00,True,51.536424,"Victoria Park Road, Hackney Central",False,-0.054162,27,34,6,,False
674,300038,2013-11-21 09:24:00,True,51.487244,"Star Road, West Kensington",False,-0.205279,6,23,17,,False
675,300039,2013-11-21 10:08:00,True,51.536039,"Wendon Street, Old Ford",False,-0.026262,0,18,18,,False
676,300041,2013-11-21 10:10:00,True,51.524583,"Finnis Street, Bethnal Green",False,-0.058631,14,19,5,,False
677,300053,2013-11-21 12:03:00,True,51.46822,"Stephendale Road, Sands End",False,-0.190346,8,48,39,,False
678,300046,2013-11-22 13:03:00,True,51.457991,"Alma Road, Wandsworth",False,-0.184806,5,28,23,,False
679,300050,2013-11-22 13:40:00,True,51.477322,"Thessaly Road North, Wandsworth Road",False,-0.138748,17,28,11,,False
680,300047,2013-11-22 13:59:00,True,51.47505,"Alfreda Street, Battersea Park",False,-0.150908,3,22,19,,False
681,300054,2013-11-22 14:56:00,True,51.475698,"Chesilton Road, Fulham",False,-0.205876,19,23,4,,False
682,300044,2013-11-26 11:53:00,True,51.461999,"Putney Bridge Road, East Putney",False,-0.20624,7,29,22,,False
683,300043,2013-11-25 14:55:00,True,51.478939,"St. Peter's Terrace, Fulham",False,-0.208485,5,24,19,,False
684,300082,2013-11-22 15:03:00,True,51.492084,"Bridge Avenue, Hammersmith",False,-0.229116,7,18,11,,False
685,300095,2013-11-25 15:52:00,True,51.477276,"Michael Road, Walham Green",False,-0.18921,11,37,26,,False
686,300083,2013-11-26 09:27:00,True,51.506304,"Duke Street Hill, London Bridge",False,-0.087262,10,21,11,,False
687,300093,2013-11-26 10:14:00,True,51.505426,"Park Lane, Mayfair",False,-0.150817,15,18,3,,False
688,300094,2013-11-26 11:15:00,True,51.462305,"Plough Terrace, Clapham Junction",False,-0.175407,21,31,10,,False
689,200120,2013-11-25 12:38:00,True,51.464894,"Grant Road East, Clapham Junction",False,-0.173029,20,35,14,,False
690,300088,2013-11-26 13:35:00,True,51.50659,"Queensdale Road, Shepherd's Bush",False,-0.216104,8,28,20,,False
691,300086,2013-11-27 12:17:00,True,51.479932,"Fulham Broadway, Walham Green",False,-0.194116,18,26,8,,False
692,300087,2013-11-27 14:43:00,True,51.475142,"Imperial Road, Sands End",False,-0.187278,12,37,25,,False
693,300091,2013-11-28 09:30:00,True,51.481765,"Hortensia Road, West Brompton",False,-0.185273,15,28,13,,False
694,300084,2013-11-28 10:44:00,True,51.510928,"Sirdar Road, Avondale",False,-0.214594,15,26,11,,False
695,300085,2013-11-28 12:02:00,True,51.512981,"Freston Road, Avondale",False,-0.219486,19,23,3,,False
696,300090,2013-11-28 14:39:00,True,51.515108,"Blenheim Crescent, Ladbroke Grove",False,-0.208565,9,22,13,,False
697,300078,2013-11-29 11:15:00,True,51.460792,"Oxford Road, Putney",False,-0.212607,10,29,19,,False
698,300077,2013-11-29 12:56:00,True,51.467454,"Ingrave Street, Clapham Junction",False,-0.172293,8,30,22,,False
699,300075,2013-11-29 15:47:00,True,51.478169,"Upcerne Road, West Chelsea",False,-0.182435,18,29,11,,False
700,300076,2013-12-02 12:02:00,True,51.479573,"Lots Road, West Chelsea",False,-0.179038,12,24,12,,False
701,300089,2013-12-02 15:14:00,True,51.487964,"Ormonde Gate, Chelsea",False,-0.161765,2,24,22,,False
702,300092,2013-12-04 12:25:00,True,51.537277,"Hertford Road, De Beauvoir Town",False,-0.079201,12,25,13,,False
703,300081,2013-12-04 15:54:00,True,51.539328,"Haggerston Road, Haggerston ",False,-0.074284,32,37,5,,False
704,300080,2013-12-05 10:46:00,True,51.471095,"Culvert Road, Battersea",False,-0.15785,15,27,12,,False
705,300074,2013-12-05 13:40:00,True,51.516128,"Newton Street, Covent Garden",False,-0.120909,11,24,13,,False
706,300079,2013-12-06 11:31:00,True,51.458164,"Manfred Road, East Putney",False,-0.206002,9,29,20,,False
707,300006,2013-12-06 16:32:00,True,51.492636,"Hammersmith Town Hall, Hammersmith",False,-0.234094,11,28,17,,False
708,300067,2014-01-06 10:19:00,True,51.5129,"Grenfell Road, Avondale",False,-0.214762,0,24,24,,False
709,300058,2014-01-06 11:43:00,True,51.485121,"The Vale, Chelsea",False,-0.174971,16,24,8,,False
710,300073,2014-01-20 13:04:00,True,51.475153,"Prince of Wales Drive, Battersea Park",False,-0.159169,15,21,6,,False
711,300069,2014-01-07 11:31:00,True,51.487958,"Harcourt Terrace, West Brompton",False,-0.187404,8,24,15,,False
712,300057,2014-01-08 10:47:00,True,51.51787,"Westbourne Park Road, Portobello",False,-0.201005,9,23,14,,False
713,300072,2014-01-13 15:38:00,True,51.524561,"Broadley Terrace, Marylebone",False,-0.165668,5,18,13,,False
714,300071,2014-01-21 13:26:00,True,51.525269,"Rossmore Road, Marylebone",False,-0.163795,15,18,3,,False
715,300068,2014-01-15 10:30:00,True,51.483217,"Humbolt Road, Fulham",False,-0.21186,6,26,19,,False
716,200202,2014-02-10 13:30:00,True,51.500703,"Storey's Gate, Westminster",False,-0.129698,3,21,17,,False
717,300027,2014-02-10 14:37:00,True,51.520597,"Mile End Park Leisure Centre, Mile End",False,-0.032566,3,47,42,,False
718,200185,2014-02-17 10:38:00,True,51.462392,"St. John's Road, Clapham Junction",False,-0.168292,31,33,2,,False
719,300064,2014-02-21 12:49:00,True,51.467601,"Ranelagh Gardens, Fulham",False,-0.206827,8,39,31,,False
720,200079,2014-02-20 11:14:00,True,51.457529,"Ram Street, Wandsworth",False,-0.192165,9,25,16,,False
721,200177,2014-02-26 09:18:00,True,51.457059,"Santos Road, Wandsworth",False,-0.200806,11,30,19,,False
722,300065,2014-02-27 09:41:00,True,51.461343,"Clapham Common North Side, Clapham Common",False,-0.159322,21,37,16,,False
723,300001,2014-03-04 13:26:00,True,51.473611,"Sandilands Road, Walham Green",False,-0.191803,11,21,10,,False
724,300097,2014-03-06 09:48:00,True,51.491026,"Gwendwr Road, West Kensington",False,-0.209121,12,30,18,,False
725,300007,2014-03-05 11:20:00,True,51.509224,"Rifle Place, Avondale",False,-0.216016,18,21,3,,False
726,300015,2014-04-02 13:35:00,True,51.472509,"Binfield Road, Stockwell",False,-0.122831,31,35,4,,False
727,300096,2014-03-31 11:42:00,True,51.511891,"Tallis Street, Temple",False,-0.107349,11,24,12,,False
728,300098,2014-03-31 12:38:00,True,51.470131,"Hurlingham Park, Parsons Green",False,-0.20464,11,20,9,,False
729,300101,2014-03-31 13:52:00,True,51.496664,"Little Brook Green, Brook Green",False,-0.223868,18,33,15,,False
730,300099,2014-03-31 14:42:00,True,51.460333,"Abyssinia Close, Clapham Junction",False,-0.167029,13,20,7,,False
731,300100,2014-07-25 11:09:00,True,51.461923,"Limburg Road, Clapham Junction",False,-0.165297,5,21,16,,False
732,200072,2015-06-26 11:15:00,True,51.514449,"Houndsditch, Aldgate",False,-0.077178,1,28,26,,False
733,300070,2015-08-13 09:40:00,True,51.474665,"Imperial Wharf Station, Sands End",False,-0.183165,21,25,3,,False
734,300032,2015-11-02 17:29:00,True,51.495898,"Victoria & Albert Museum, South Kensington",False,-0.173009,19,30,11,,False
735,300210,2015-11-02 17:37:00,True,51.483911,"Halford Road, West Kensington",False,-0.197609,23,24,1,,False
736,300213,2015-11-26 09:21:00,True,51.540311,"Monier Road, Hackney Wick",False,-0.02163,8,27,18,,False
737,300200,2016-01-14 16:34:00,True,51.546326,"East Village, Queen Elizabeth Olympic Park",False,-0.009935,4,34,30,,False
738,300233,2016-01-04 11:54:00,True,51.54094,"Aquatic Centre, Queen Elizabeth Olympic Park",False,-0.01051,42,64,21,,False
739,300029,2016-01-04 14:36:00,True,51.549369,"Lee Valley VeloPark, Queen Elizabeth Olympic Park",False,-0.015717,4,44,40,,False
740,300227,2016-01-04 09:45:00,True,51.546805,"Timber Lodge, Queen Elizabeth Olympic Park",False,-0.014691,11,35,23,,False
741,300021,2016-01-11 10:10:00,True,51.538718,"Podium, Queen Elizabeth Olympic Park",False,-0.011889,19,39,20,,False
742,300234,2016-01-13 12:17:00,True,51.541793,"Stratford Station, Stratford",False,-0.00481,18,28,9,,False
743,300214,2016-02-08 10:13:00,True,51.505461,"Blackfriars Road, Southwark",False,-0.10454,29,42,13,,False
744,300205,2016-03-31 12:46:00,True,51.528279,"Cromer Street, Bloomsbury",False,-0.119558,12,28,16,,False
745,300204,2016-02-25 12:44:00,True,51.474567,"Lansdowne Way Bus Garage, Stockwell",False,-0.12458,25,28,3,,False
746,300203,2016-02-29 11:19:00,True,51.527566,"Melton Street, Euston",False,-0.134849,27,28,0,,False
747,300201,2016-02-29 11:47:00,True,51.524,"Coram Street, Bloomsbury",False,-0.126409,17,29,12,,False
748,300211,2016-03-01 13:39:00,True,51.5293,"Ossulston Street, Somers Town",False,-0.128279,29,30,1,,False
749,300212,2016-06-01 14:33:00,True,51.530199,"Birkenhead Street, King's Cross",False,-0.122299,21,27,6,,False
750,300202,2016-06-02 15:08:00,True,51.497698,"Kings Gate House, Westminster",False,-0.137598,17,23,5,,False
751,300248,2016-03-04 15:59:00,True,51.481121,"Sopwith Way, Battersea Park",False,-0.149035,13,30,15,,False
752,300208,2016-03-24 13:04:00,True,51.505224,"Lavington Street, Bankside",False,-0.098031,9,29,20,,False
753,300209,2016-06-02 12:05:00,True,51.47659,"Albert Square, Stockwell",False,-0.118256,20,32,11,,False
754,300238,2016-06-01 14:31:00,True,51.505409,"Southwark Street, Bankside",False,-0.098341,8,23,15,,False
755,300243,2016-03-31 08:56:00,True,51.534667,"Good's Way, King's Cross",False,-0.125078,22,27,5,,False
756,300241,2016-09-01 10:51:00,True,51.53724,"Handyside Street, King's Cross",False,-0.124807,7,27,20,,False
757,300236,2016-06-23 22:00:00,True,51.5212,"Bevington Road West, North Kensington",False,-0.208888,14,24,10,,False
758,300207,2016-04-27 11:39:00,True,51.473486,"Stockwell Roundabout, Stockwell",False,-0.122555,26,33,7,,False
759,300240,2016-07-04 15:00:00,True,51.516277,"Lincoln's Inn Fields, Holborn",False,-0.118272,8,28,20,,False
760,300237,2016-06-03 09:40:00,True,51.506725,"Tate Modern, Bankside",False,-0.098807,1,30,29,,False
761,300228,2016-07-26 14:16:00,True,51.505703,"Westferry Circus, Canary Wharf",False,-0.027772,29,36,7,,False
762,300217,2016-07-20 10:00:00,True,51.548731,"Here East North, Queen Elizabeth Olympic Park",False,-0.022606,26,28,1,,False
763,300224,2016-07-04 11:12:00,True,51.487807,"New Spring Gardens Walk, Vauxhall",False,-0.122759,37,37,0,,False
764,300245,2016-06-02 13:21:00,True,51.471433,"Clapham Road, Lingham Street, Stockwell",False,-0.12367,23,30,7,,False
765,300231,2016-05-04 11:28:00,True,51.500089,"Lambeth Palace Road, Waterloo",False,-0.116628,19,35,16,,False
766,300219,2017-03-09 13:16:00,True,51.546532,"Here East South, Queen Elizabeth Olympic Park",False,-0.020597,10,28,18,,False
767,300232,2016-06-03 11:19:00,True,51.481335,"Riverlight South, Nine Elms",False,-0.138212,23,26,3,,False
768,300249,2016-05-19 13:21:00,True,51.503127,"One Tower Bridge, Bermondsey",False,-0.078655,9,13,4,,False
769,300246,2016-10-13 13:02:00,True,51.50621,"Belvedere Road 2, South Bank",False,-0.114842,25,38,13,,False
770,300239,2016-12-15 13:19:00,True,51.492807,"Victory Place, Walworth",False,-0.091938,14,24,9,,False
771,300221,2017-02-17 12:52:00,True,51.483507,"Battersea Power Station, Battersea Park",False,-0.147714,5,26,21,,False
772,300242,2017-07-20 13:48:00,True,51.496863,"Allington street, Westminster",False,-0.142943,22,28,5,,False
773,300226,2016-01-04 11:28:00,True,51.544836,"Copper Box Arena, Queen Elizabeth Olympic Park",False,-0.019524,10,33,23,,False
